id,Start Time,Prediction,Insight,Similarity 1,Similarity 2,Similarity 3,Price Change,Volatility,Statement Price Movement,Actual Price Change
1255,1/31/24 18:31,Positive,The acknowledgment of policy rates being at peak levels and hints of future cuts triggered a positive sentiment as markets react favorably towards easing monetary policy expectations.,70,75,65,0.008,0.000328209,Negative,-0.000133403
1257,1/31/24 18:33,Negative,"Despite hints of a possible cut in future meetings, uncertainty around immediate rate adjustments spurred a negative reaction from investors who might have been expecting a more definitive signal.",70,76,64,-0.006,0.000225771,Negative,-0.000205209
1258,1/31/24 18:34,Positive,"The market reacted positively due to the confirmation of stable rates and indications towards potential future cuts, reflecting optimism in economic recovery despite inflation concerns.",74,81,73,0.007,0.000246298,Negative,0.000143642
1260,1/31/24 18:36,Negative,"The market's negative reaction stemmed from apprehension over the Fed's continued commitment to monitoring inflation closely, leading to fears that cuts might be further off than anticipated.",76,80,66,-0.005,0.000246356,Negative,0.000195198
1261,1/31/24 18:37,Positive,"The Fed's cautious optimism about future cuts, coupled with the indication that the inflation trajectory is improving, resulted in a positive market outlook.",79,83,69,0.005,0.000226027,Negative,-0.0001952
1264,1/31/24 18:40,Negative,"The statements emphasize caution regarding rate cuts despite a strong economy, which can create investor anxiety about prolonged high rates, leading to market weakness.",25,50,45,-0.000349018,0.000143725,Negative,0.000349018
1265,1/31/24 18:41,Negative,"Market fears increase as Fed officials signal potential rate cuts are on the horizon but not imminent, leading to uncertainty and selling pressure.",30,60,40,-0.00051321,0.00045169,Negative,-0.00051321
1266,1/31/24 18:42,Negative,Increased focus on inflation and guarded language about potential cuts can lead to market declines as investors interpret this as a sign of continued caution.,35,55,50,-0.000155976,0.000369511,Negative,0.000155976
1267,1/31/24 18:43,Negative,"Despite strong economic indicators, the Fed appears unwilling to signal immediate rate cuts, creating uncertainty among investors and leading to market weakness.",20,45,30,-0.000379393,0.000184763,Negative,0.000285304
1268,1/31/24 18:44,Negative,"The cautious stance on future rate increases amidst strong growth leads to concerns about how this may affect market liquidity, resulting in downward pressure on stock prices.",25,50,40,-0.000102687,0.000348947,Negative,-0.000102687
1269,1/31/24 18:45,Negative,"Signals of possible rate cuts later in the year create a sense of unease, leading to precautionary selling as traders pick up on the mixed signals from the Fed.",30,55,35,-6.16E-05,0.000298146,Negative,-6.16E-05
1270,1/31/24 18:46,Negative,"Amidst hints of future cuts, the lack of immediate action creates uncertainty for investors, leading to minor declines as they reassess valuations.",40,55,45,-2.05E-05,0.000153865,Negative,-2.05E-05
1271,1/31/24 18:47,Negative,"Concerns regarding inflation control combined with bursting optimism from recent economic data contribute to higher volatility, resulting in negative market sentiment.",35,58,49,-0.000146018,0.000184608,Negative,-0.000153835
1272,1/31/24 18:48,Negative,Reliable economic growth with cautious Fed commentary creates mixed feelings leading to profit-taking and minor declines in the market.,32,42,41,-0.000164081,0.000185018,Negative,0.000164081
1273,1/31/24 18:49,Negative,"Indications of delayed rate cuts combined with persistent inflationary concerns create hesitation among investors, pushing market prices down.",28,47,39,-0.000102687,0.000266656,Negative,-0.000379393
1274,1/31/24 18:50,Negative,"The sentiment surrounding inflation risks and commitment to the current interest rates appears to overshadow any positive economic indicators, leading to a market reaction that reflects concern over continued policy restraint.",65,70,68,-0.000400117,0.000297433,Negative,0.000400117
1275,1/31/24 18:51,Negative,"Despite a solid economic outlook, the emphasis on not changing the interest rates and inflation concerns likely dampened market enthusiasm, resulting in a negative reaction.",62,72,70,-0.000348872,0.000307711,Negative,-0.000348872
1276,1/31/24 18:52,Negative,"The cautious tone regarding inflation persistence and the current interest rate decisions overshadowed positive indicators, contributing to a negative reaction in market sentiment.",67,73,69,-0.000225599,0.000246154,Negative,0.000225599
1277,1/31/24 18:53,Negative,"Market participants are sensitive to the Fed's unwavering stance on interest rates amidst easing inflation, leading to reduced confidence and a negative market reaction.",64,69,66,-0.000389728,0.000184642,Negative,-0.000389728
1278,1/31/24 18:54,Negative,"The mixed signals regarding economic growth and inflation management led to a sentiment that leans toward cautiousness, resulting in a negative market impact.",63,71,68,-0.000297427,0.0004925,Negative,0.00063597
1279,1/31/24 18:55,Negative,"The prevailing caution concerning potential interest rate cuts amid an improving economic backdrop results in skepticism, translating to a notable negative reaction from investors.",66,72,70,-0.00209265,0.000328326,Negative,-0.000194952
1280,1/31/24 18:56,Negative,"The ambiguity around interest rate decisions, despite solid economic indicators, leads to disappointment among investors, providing a basis for a negative market movement.",63,68,66,-0.000133342,0.000241089,Negative,-0.000133342
1281,1/31/24 18:57,Negative,"A cautious Federal Reserve tone toward ongoing inflation and interest rate strategy overrode positive signals from economic data, causing investor anxiety and consequently negative market reaction.",64,69,67,-0.000153851,0.000184649,Negative,0.000153851
1282,1/31/24 18:58,Negative,"The focus on sustaining high interest rates for inflation control, despite signs of economic strength, prompted fears of restricted growth potential, eliciting a negative market response.",62,70,68,-0.000297427,0.000164109,Negative,-0.000297427
1283,1/31/24 18:59,Negative,"Significant concerns over inflation paired with commitment to hold rates steady contributed to investor unease, resulting in a adverse market reaction.",65,72,71,-0.000153851,0.000471979,Negative,-0.00209265
1284,1/31/24 19:00,Positive,"The statement indicated economic activity expanding at a solid pace with manageable inflation, suggesting confidence in the current economic condition. This likely boosted market sentiment.",85,90,88,0.00205,0.003484209,Negative,0.002051025
1285,1/31/24 19:01,Positive,"Continued economic strength coupled with Powell's cautious tone regarding future cuts indicates stability, encouraging investor optimism.",85,90,88,0.00205,0.001832331,Negative,0.000164474
1286,1/31/24 19:02,Positive,"Hints at potential future rate cuts based on evolving economic conditions reassure investors, enhancing market sentiment.",85,90,88,0.00099,0.001317849,Negative,0.000987282
1287,1/31/24 19:03,Positive,Positive economic indicators alongside cautious signals regarding potential rate cuts stimulate investor confidence.,85,90,88,0.00099,0.001605236,Negative,-0.001398213
1288,1/31/24 19:04,Negative,"Despite hints of future cuts, signals of economic moderation may create uncertainty, leading to a shallow selloff.",85,90,88,-0.00162,0.001357997,Negative,0.001336126
1289,1/31/24 19:05,Negative,"While the economy appears strong, the chance of further rate cuts seems ahead, generating mixed reactions from investors.",85,90,88,-0.00162,0.001439381,Negative,-0.001623536
1290,1/31/24 19:06,Positive,"Economic indicators suggest continued growth, supporting market confidence despite some caution regarding future policies.",85,90,88,0.000503,0.001315979,Negative,0.000503082
1291,1/31/24 19:07,Positive,"Encouraging economic conditions and hints at future rate cuts likely boost investor sentiments, fostering a positive market reaction.",85,90,88,0.000503,0.000905331,Negative,-3.26E-05
1292,1/31/24 19:08,Negative,"Localized volatility stemming from potential changes in interest rate projections may unsettle investors, causing minor sell-offs.",85,90,88,-0.00162,0.000720061,Negative,0.000517008
1293,1/31/24 19:09,Positive,"Despite speculation about rate cuts, overall economic performance suggests stability, nurturing a positive investor sentiment.",85,90,88,0.000503,0.00078178,Negative,8.09E-05
1294,1/31/24 19:10,Positive,"During Powell's press conference, his comments on moderating inflation and possible future rate cuts generated optimism among investors about monetary policy easing.",80,85,75,0.02,0.000781652,Negative,2.05E-05
1295,1/31/24 19:11,Negative,"Investors were concerned about continued high rates and uncertain inflation prospects, leading to a slight downturn in market sentiment. | Market reacted positively as Powell's emphasis on future rate cuts aligned with investor expectations, boosting confidence.",83,87,82,0.015,0.000822484,Negative,-1.04E-05
1296,1/31/24 19:12,Positive,"Powell’s remarks regarding the progress on inflation led to an optimistic outlook among investors, sparking a positive reaction.",85,88,80,0.025,0.000616573,Negative,-0.000380154
1297,1/31/24 19:13,Negative,"The maintenance of high rates amidst inflation concerns weighed on investor sentiment, leading to a slight downturn. | Investor confidence surged as Powell hinted at eventual rate cuts which improved market sentiment.",84,89,81,-0.005,0.000757121,Negative,-0.000677945
1298,1/31/24 19:14,Positive,Positive comments from Powell regarding economic conditions and inflation led to investor optimism.,83,88,80,0.018,0.000966342,Negative,0.00057508
1299,1/31/24 19:15,Positive,Powell's optimistic outlook on monetary policy facilitated positive market sentiment.,80,84,78,0.02,0.000637624,Negative,0.000637429
1300,1/31/24 19:16,Negative,Market concern over high rates amidst inflation risks contributed to a negative reaction. | Reassuring statements from Powell about future monetary easing enhanced market optimism.,79,85,76,0.022,0.000761051,Negative,-0.000966249
1301,1/31/24 19:17,Negative,"Investor uneasiness about sustained high rates contributed to a negative market reaction. | Encouraging remarks about future rate cuts promoted optimism in the market, prompting a positive shift.",78,81,77,-0.006,0.000688967,Negative,-2.08E-05
1302,1/31/24 19:18,Positive,Market reacted positively to Powell's reassuring comments about the economy and inflation outlook.,82,86,79,0.015,0.000679012,Negative,0.000318646
1303,1/31/24 19:19,Negative,"Anticipation of unchanged rates led to some concerns among investors, causing a slight downturn. | Positive sentiment surged in response to Powell's assurance of monitoring inflation, enhancing market confidence.",85,90,80,-0.008,0.000514541,Negative,0
1304,3/20/24 18:30,Negative,Market didn't react positively as the Fed maintained a cautious tone regarding inflation and reiterated the need for confidence before cutting rates. The emphasis on prolonged high interest rates likely concerned investors about the economic outlook.,88,82,83,-0.0008505,0.001469195,Negative,-0.000850513
1305,3/20/24 18:31,Negative,"Similar to the previous record, the cautious stance of the Fed regarding interest rate cuts and the acknowledgment of persistent inflation pressures may have fueled investor skepticism about economic growth, leading to negative market sentiment.",88,82,83,-0.0008505,0.001470844,Negative,0.001351006
1306,3/20/24 18:32,Negative,The market's negative response relates to the Fed's commitment to high rates until inflation under control is firmly established. The hesitation could indicate economic slowdown fears.,88,82,83,-0.0005205,0.000774219,Negative,-0.000520518
1307,3/20/24 18:33,Negative,"Investor sentiment was dampened by the Fed's cautious messaging and inflation concerns. This aligns with the previous reactions, indicating a trend of investor unease.",88,82,83,-0.0009566,0.000851838,Negative,-0.000561508
1308,3/20/24 18:34,Negative,The outlook for only gradual interest rate cuts alongside elevated inflation led to a negative market reaction as investors reassess growth prospects.,88,82,83,-0.0002418,0.001201263,Negative,0.001258486
1309,3/20/24 18:35,Negative,"Overall negative sentiment reflected fears that inflation could threaten economic timelines and impact future earnings growth, leading to profit-taking in the markets.",88,82,83,-0.0009566,0.001124467,Negative,0.000193637
1310,3/20/24 18:36,Negative,The potential for fewer rate cuts combined with stubbornly high inflation information likely triggered a negative reaction as markets adjust to less accommodative monetary policy.,88,82,83,-0.0010077,0.001899004,Negative,0.001045422
1311,3/20/24 18:37,Negative,"Continued language suggesting inflation and growth are being closely monitored means investors are wary of future tightening, motivating further sell-offs.",88,82,83,-0.0002418,0.001917713,Negative,-0.001007653
1312,3/20/24 18:38,Negative,"Persistent concerns about inflation management and interest rate timelines led to investor skepticism, provoking a downward adjustment in stock valuations due to reduced earnings expectations.",88,82,83,-0.0009565,0.001488786,Negative,-0.000241808
1313,3/20/24 18:39,Negative,"The cumulative impact of inflation appeal and the Fed's carefulness in reducing rates fostered a sense of financial caution among market participants, resulting in sell-offs.",88,82,83,-0.0002418,0.000898098,Negative,-0.000956577
1314,3/20/24 18:40,Negative,"The initial statement highlighted the continued risks related to inflation, which dampens investor optimism. The mention of maintaining interest rates suggests a tighter monetary policy, causing concerns about future economic growth.",83,92,88,-0.001932962,0.001160048,Negative,0.001932962
1315,3/20/24 18:41,Negative,"Similar to record 1314, the emphasis on inflation and potential rate cuts raises concerns among investors, leading to selling pressure in the market.",84,91,87,-0.001932962,0.00148893,Negative,-0.000271846
1316,3/20/24 18:42,Negative,"Concerns regarding sustained inflation and the potential for rate cuts are likely to have cooled market enthusiasm, resulting in a marginal negative movement.",82,90,85,-0.000271846,0.001409838,Negative,-0.001621232
1317,3/20/24 18:43,Negative,"Increased discussions around higher interest rates and inflation forecasts create uncertainty, leading to a market dip in response to caution among investors.",80,89,84,-0.001621232,0.000907283,Negative,0.000472455
1318,3/20/24 18:44,Negative,The mixed signals on inflation along with uncertainty around rate adjustments contribute to the negative market sentiment.,81,88,83,-0.000463067,0.00131406,Negative,0.001264064
1319,3/20/24 18:45,Negative,"Market reaction is subdued due to concerns about inflation slowdown and potential impacts of rate cuts, leading to uncertainties for investors.",79,87,82,-0.001264064,0.001119302,Negative,-0.000463067
1320,3/20/24 18:46,Negative,Investors' anxieties regarding the Fed's potential actions concerning interest rates amidst ongoing inflation concerns warrant a negative stock reaction.,78,86,81,-0.000538786,0.000983474,Negative,-5.90E-05
1321,3/20/24 18:47,Negative,"Chances of rate cuts and the Fed's cautious tone regarding inflation sparked market-related apprehensions, resulting in negative movements.",77,85,80,-0.00154945,0.000828612,Negative,-0.000770476
1322,3/20/24 18:48,Negative,"Low expectations for imminent rate cuts amidst strong labor market data create hesitancy among investors, leading to subdued market reactions.",75,84,78,-5.90E-05,0.000520041,Negative,0.000538786
1323,3/20/24 18:49,Negative,"Strong inflation forecasts create uncertainty around Fed policy, contributing to investor sell-offs at this critical junction.",73,82,76,-0.000382715,0.000597038,Negative,-0.00154945
1324,3/20/24 18:50,Negative,"The market reacted negatively as the Fed maintained a cautious stance on rate cuts while inflation remained elevated, leading to disappointments for investors expecting more aggressive easing.",95,92,90,-0.00174287,0.001426424,Negative,0.00174287
1325,3/20/24 18:51,Negative,"Investors were disheartened by the Fed's cautious outlook on rate cuts amidst ongoing inflation concerns, indicating less aggressive monetary policy than expected.",95,92,90,-0.00174287,0.001292015,Negative,-7.73E-05
1326,3/20/24 18:52,Negative,"The market was adversely affected by signals from the Fed that emphasized continued inflation risks, leading to doubts about imminent rate cuts.",95,92,90,-0.000674338,0.000732121,Negative,-0.000674338
1327,3/20/24 18:53,Negative,"Market concerns about persistent inflation tempered optimism over cuts, leading to negative price movements as investors adjusted their expectations.",95,92,90,-0.00150184,0.000520111,Negative,0.00013034
1328,3/20/24 18:54,Negative,"Concerns about inflation persisted despite a resilient economy, prompting a negative response as traders re-evaluated potential rate cuts.",95,92,90,-0.000674258,0.000674387,Negative,0.000563182
1329,3/20/24 18:55,Negative,"The Fed's maintained reluctance to cut rates and focus on inflation somewhat disillusioned investors, reflecting in a negative market response.",95,92,90,0.00128048,0.000751213,Negative,-0.00150184
1330,3/20/24 18:56,Negative,"Although the Fed projected cautious optimism, conflicting signals regarding inflation pressures led to a muted yet negative market response.",95,92,90,0.00013034,0.001156337,Negative,0.00128048
1331,3/20/24 18:57,Negative,"The press conference reiterated concerns regarding inflation risks which overshadowed prior positive signals, resulting in a negative market reaction.",95,92,90,-0.000674258,0.000944615,Negative,9.57E-06
1332,3/20/24 18:58,Negative,Investor caution increased as the press conference did not deliver the anticipated aggressive signal on rate cuts due to ongoing inflation vigilance.,95,92,90,-0.000674258,0.000597326,Negative,-0.000674258
1333,3/20/24 18:59,Negative,The combination of cautious Fed forecasts and persistent inflation concerns led to a negative market sentiment post-press conference.,95,92,90,-0.000674338,0.000905849,Negative,0.000635752
1334,3/20/24 19:00,Negative,"The market reaction is negative due to the Fed maintaining a high interest rate range, indicating ongoing concerns about inflation. The tone of caution regarding inflation risks combined with projections for sustained elevated inflation led to dampened market sentiment.",85,90,82,-0.00042388,0.000481742,Negative,-0.00042388
1335,3/20/24 19:01,Negative,"Similar to the prior reaction, the Fed's decision to keep interest rates steady amidst strong labor markets and elevated inflation signals caution, leading to a negative market reaction as participants worry about future cuts being delayed.",87,91,84,-0.00042388,0.001194674,Negative,0.00080925
1336,3/20/24 19:02,Negative,"The forecast of continuous high rates and inflation concerns signal into the financial markets, creating a negative reaction as they anticipate delayed cuts in monetary policy.",88,89,83,-0.000905462,0.000867319,Negative,-0.000905462
1337,3/20/24 19:03,Negative,"The Fed's firm stance on maintaining interest rates contributes to uncertainty in the markets, leading to a negative sentiment as investors digest the potential implications for economic growth.",86,90,80,-0.00010578,0.000635777,Negative,0.000616345
1340,3/20/24 19:06,Negative,"Investor concerns about the Fed's approach to inflation and interest rates lead to lower market confidence, resulting in a negative reaction towards the announcement.",87,92,81,-0.000259654,0.000557971,Negative,-7.40E-10
1341,3/20/24 19:07,Negative,"The focus on inflation and concerns about cutting rates too soon create apprehension among investors, translating into a negative market response.",89,91,80,-0.001213289,0.000596567,Negative,-0.00010578
1342,3/20/24 19:08,Negative,Continued inflation worries alongside the Fed's cautious message about monetary policy translates to market hesitance and negativity.,86,93,82,-0.000644418,0.000346247,Negative,-0.000259654
1343,3/20/24 19:09,Negative,"The Fed's firm message on inflation persistence creates uncertainty in the markets, leading to a consistent negative response.",87,90,82,-0.000259654,0.000404048,Negative,0.000644418
1344,3/20/24 19:10,Negative,"The expected continuation of high interest rates and caution regarding inflation suggests a less optimistic sentiment among investors, reflecting concerns that the economic recovery may not lead to immediate rate cuts. The FOMC's commitment to closely monitoring inflation risks shows a firm stance that doesn't favor immediate easing.",75,80,70,-0.000817538,0.000567575,Negative,-0.000817538
1345,3/20/24 19:11,Negative,"Investors are reacting to hawkish signals from the Fed that suggest interest rates will remain high due to persistent inflation concerns, which conflicts with previous expectations for rate cuts. The new data indicating a steady economy further diminishes hopes for immediate monetary easing.",76,83,68,-0.00090449,0.000692787,Negative,0.000500077
1346,3/20/24 19:12,Negative,"The lack of clarity regarding rate cuts amidst firm inflation readings has left investors on edge, leading to downward pressure on the market. Market participants seemed to react negatively to any indication that rate cuts would be delayed further than previously anticipated.",80,75,65,-0.000423281,0.000577412,Negative,-0.00090449
1347,3/20/24 19:13,Positive,"Despite expectations of high rates, positive market sentiment emerged as the Fed reiterated its commitment to reducing rates based on future economic conditions. Optimism about upcoming growth amid potential cuts improved investor confidence, leading to a rally.",82,78,72,0.002784186,0.001638081,Negative,0.001039308
1348,3/20/24 19:14,Negative,Investor sentiment turned negative as indications of harder-to-quell inflation led to fears that the Fed may delay rate cuts longer than previously expected. This shift in outlook tied to inflation pressures resonated negatively in the market.,78,79,70,-0.000404437,0.000712745,Negative,0.000404437
1350,3/20/24 19:16,Negative,"Continued emphasis on holding rates steady in the face of inflation led investors to feel uncertain about the Fed's timing on cuts, creating a negative market reaction as entrenched inflation indicators overshadowed growth expectations.",75,77,65,-0.000423281,0.00071236,Negative,-8.68E-05
1351,3/20/24 19:17,Negative,An overarching theme of caution regarding inflation accompanied by the potential for maintaining high rates contributed to a negative market reaction. The Fed's conservative policy outlook instilled concern amongst investors.,73,80,64,-0.00090449,0.001212938,Negative,-0.000423281
1352,5/1/24 18:30,Negative,"The consensus about continuing high rates was confirmed, reflecting investor frustrations over the Fed’s hesitance to lower rates amidst ongoing inflationary pressures. The proactive stance on growth management contributed to downward pressure on market sentiment.",75,76,72,-0.002266693,0.000696074,Negative,-0.002266693
1353,5/1/24 18:31,Negative,"Echoing other outcomes, the indication that inflation is not being managed swiftly enough, along with uncertainty on rate cuts led to a drop in market confidence, resulting in negative reactions from investors.",74,79,66,-0.002266693,0.002991087,Negative,0.002784186
1354,5/1/24 18:32,Negative,"Despite the strong job gains and solid economic activity, the emphasis on persistent inflation and the need for caution regarding further actions indicates that the Federal Reserve is unlikely to lower rates in the near term. This perspective can lead to negative market reactions as participants absorb the hawkish tone.",85,90,80,-0.001554271,0.001916397,Negative,0.001554271
1355,5/1/24 18:33,Negative,"The overall sentiment surrounding persistent inflation pressures and the Federal Reserve's reluctance to cut rates adds to market apprehension. Investors may interpret this hesitation as a continued tightening of monetary policy, prompting a negative reaction.",85,90,80,-0.001554271,0.002771574,Negative,-0.001156761
1356,5/1/24 18:34,Negative,"An insistence on maintaining interest rates amidst elevated inflation may lead to market disappointment. The market likely anticipated some easing measures, and this firm stance signals a tight monetary policy stance moving forward.",85,90,80,-0.001156761,0.001352884,Negative,-0.002545268
1357,5/1/24 18:35,Negative,"The combination of high inflation, which the Fed views as persistent, is a clear signal that efforts to control it are far from over. The Fed's preference to maintain rates amid slow disinflation presents a negative outlook for the markets.",85,90,80,-0.002545268,0.003770799,Negative,0.003422351
1358,5/1/24 18:36,Negative,"Market participants are likely to react negatively to the Fed's ongoing high rates amid inflation concerns. The lack of cuts signals a prolonged tightening phase, which may hurt market performance.",85,90,80,-0.00059702,0.00261055,Negative,-0.001573457
1359,5/1/24 18:37,Negative,"Holding rates steady while acknowledging challenges posed by inflation will encourage a negative investor sentiment, as it underscores an ongoing restrictive stance. Concerns that inflation will hamper growth lead to negative adjustments in market sentiment.",85,90,80,0.003422351,0.00150349,Negative,0.001590935
1360,5/1/24 18:38,Negative,The market is reacting negatively due to continued high rates amid a backdrop of persistent inflation. A stable interest rate scenario coupled with inflation above target raises concerns and may lead investors to reevaluate asset values.,85,90,80,-0.000439157,0.002038401,Negative,-0.000439157
1361,5/1/24 18:39,Negative,"The Fed signaling a firm hold on rates amidst sticky inflation elicits negative market sentiment. It emphasizes a strong need to manage inflation rather than stimulate growth, leaving little room for policy easing.",85,90,80,-0.00059702,0.002304926,Negative,0.000653397
1362,5/1/24 18:40,Negative,"Similarly, maintaining high rates in the face of inflation pressures tends to foster a negative perspective among investors. A continual assessment of risks suggests a restrictive monetary policy path.",85,90,80,-0.000439157,0.0042277,Negative,-0.00059702
1363,5/1/24 18:41,Negative,"Market participants are likely to interpret the Fed's caution in cutting rates despite solid job creation as a signal of ongoing tight monetary policy, projecting a bearish sentiment.",85,90,80,-0.00059702,0.002100466,Negative,-0.001188048
1364,5/1/24 18:42,Negative,"The release highlighted a lack of progress towards the 2 inflation goal despite economic activity expanding. Coupled with elevated inflation, markets reacted negatively as it indicated the Fed would not move towards rate cuts anytime soon.",72,85,78,-0.000415223,0.001247006,Negative,0.000197781
1365,5/1/24 18:43,Negative,"The emphasis on controlling inflation and the uncertainty about future rate cuts led to a bearish sentiment in the market, as the text showed a hawkish stance from the Fed amidst elevated inflation.",70,82,77,-0.00403051,0.001643076,Negative,0.002076346
1366,5/1/24 18:44,Negative,"Market participants were disappointed by the message of maintaining rates and a lack of progress towards the inflation targets, suggesting a slow pathway to potential future cuts.",73,80,79,-0.000197781,0.002610914,Negative,-0.00403051
1367,5/1/24 18:45,Negative,The message from the Fed indicated a sustained commitment to inflation control without immediate relief in sight. This expectation of prolonged aggressive monetary policy led to negative market movement.,71,83,75,-0.000572199,0.002273491,Negative,0.001618035
1368,5/1/24 18:46,Negative,"The insistence on holding rates steady and acknowledgment of persistent inflation pressures without a resolution led to market pessimism, fostering a negative sentiment.",69,86,74,-0.002076346,0.001164929,Negative,0.00065241
1369,5/1/24 18:47,Negative,"Similar to prior turns, the tone of concern regarding inflation and potential future rate hikes indicated instability, leading to a bearish market reaction.",68,84,76,-0.000632124,0.001861018,Negative,-0.000415223
1370,5/1/24 18:48,Negative,The consensus of maintaining interest rates while acknowledging inflation uncertainty led to negative market sentiment as clarity on rate cuts was lacking.,72,81,78,-0.000494044,0.001264972,Negative,0.000494044
1371,5/1/24 18:49,Negative,"The Fed's cautious take on inflation and continued monitoring created a dampened atmosphere, resulting in a negative impact on market movements.",74,79,80,-0.000236672,0.001205843,Negative,0.000236672
1372,5/1/24 18:50,Negative,"Fed's reiteration of sustained rates amidst persistent inflation cast doubt on market stability, leading to a collective negative sentiment.",70,82,78,-0.000632124,0.001441747,Negative,-0.000632124
1373,5/1/24 18:51,Negative,"The focus on controlling inflation and expectations of no immediate rate cuts resulted in a bearish market outlook, despite growing economic activity.",71,85,79,-0.000415223,0.001263898,Negative,-0.000572199
1374,5/1/24 18:52,Negative,Market sentiment aligned with the cautious tone taken regarding inflation. Investors reacted negatively as discussions centered on inflation remaining elevated and the Fed showing no urgency in cutting rates.,90,85,80,-0.000473535,0.001559878,Negative,0.000473535
1375,5/1/24 18:53,Negative,"As Powell emphasized maintaining interest rates due to unexpected inflation, this led to a selloff in the markets, indicating a negative sentiment.",92,87,81,-0.000473535,0.001323065,Negative,0.000611757
1376,5/1/24 18:54,Negative,The affirmation of persistent inflation and the lack of progress toward a manageable rate led to increased market anxiety and a sell-off as investors absorbed the Fed's cautious approach.,88,83,79,-0.001302008,0.001224115,Negative,-0.001302008
1377,5/1/24 18:55,Negative,"The conclusion of a potentially hawkish conference—combined with Powell's comments on inflation being stubborn—strongly influenced investor sentiment negatively, causing further market declines.",87,86,82,-0.000710227,0.001105081,Negative,0.001163773
1378,5/1/24 18:56,Negative,"Details about interest rate duration and inflation concerns were perceived negatively, leading to fears about prolonged high rates that dampened market spirits.",85,84,80,-0.000532416,0.001718349,Negative,-0.000710227
1379,5/1/24 18:57,Negative,"In the final Q&A, Powell's reluctance to ease rates and acknowledgment of persistent inflation solidified negative sentiment, hastening market retraction.",83,82,78,-0.001476484,0.001322229,Negative,0.000729773
1380,5/1/24 18:58,Negative,"Investors remained skeptical post-conference, weighing continued high inflation against market stability, leading to gravitation towards selling.",86,81,79,-0.000414286,0.000927095,Negative,-0.000414286
1381,5/1/24 18:59,Negative,"Consolidation of a negative outlook happened as the final market assessments were released, alongside consistent reminders of inflation risks.",89,82,80,-0.000710227,0.000966736,Negative,0.000670127
1382,5/1/24 19:00,Negative,"As Powell addressed concerns surrounding the economy's resilience with inflationary pressures, hesitations among investors dominated, leading to negative sentiment.",85,81,84,-0.000532416,0.001340298,Negative,-0.000532416
1383,5/1/24 19:01,Negative,The sustained skepticism about inflation management and policy adjustments continued to weigh down the market as investors prepared for closing remarks.,80,78,76,-0.000414286,0.000630331,Negative,-0.001476484
1384,5/1/24 19:02,Negative,"The press conference revealed that the Fed is cautious about inflation remaining above target, resulting in uncertainty around future rate cuts. This cautious tone led markets to react negatively as investors adjusted their expectations for easing policy.",80,85,75,-0.011811069,0.00173464,Negative,0.001181069
1385,5/1/24 19:03,Negative,"Chair Powell's emphasis on inflation risks and the delay of expected rate cuts dampened market sentiment, leading traders to sell off stocks as they adjusted to a tighter monetary policy outlook.",82,88,76,-0.011810686,0.001084898,Negative,-0.001123619
1386,5/1/24 19:04,Negative,The cautious language regarding inflation and the indication that rate cuts are further away than anticipated caused a negative reaction in the market as investors felt the burden of prolonged high rates.,84,90,77,-0.011234757,0.001638147,Negative,0.001419611
1387,5/1/24 19:05,Negative,Investors reacted negatively to signs of persistent inflation and unclear timing for rate cuts. Concerns over the economy not needing stimulation through rate cuts led to further selling.,81,89,74,-0.011419611,0.00173834,Negative,-0.000532757
1388,5/1/24 19:06,Negative,"The press conference reinforced concerns about persistent inflation, which led to a downward reassessment of future monetary policy easing, causing a sell-off.",80,85,72,-0.002109764,0.000967156,Negative,0.000611681
1389,5/1/24 19:07,Negative,"Market participants were unsettled by the acknowledgment of ongoing inflation issues, leading to further decline in investor confidence and a negative market response.",79,84,73,-0.001064883,0.000947231,Negative,0.001104505
1390,5/1/24 19:08,Negative,"The Fed's continued vigilance on inflation without signs of imminent cuts led to pessimism around market conditions, driving stocks down.",82,87,76,-0.000453491,0.001637533,Negative,-0.002109764
1391,5/1/24 19:09,Negative,"Despite economic growth, the insistence on high rates and acknowledgment of ongoing inflation risk led to market concerns, causing negative movement.",83,89,74,-0.001063681,0.000966165,Negative,0.000472655
1392,5/1/24 19:10,Negative,"The press conference comments on inflation risks continued to push against the notion of rate cuts, which sparked a bearish trend in the markets.",80,84,75,-0.000532757,0.001045241,Negative,-0.000453491
1393,5/1/24 19:11,Negative,"After the Fed meeting, the persistence of inflation issues combined with no imminent rate cuts led to a negative market sentiment.",82,88,73,-0.002109764,0.001260333,Negative,0.001064883
1394,5/1/24 19:12,Negative,"The tone of the announcement indicates ongoing inflation concerns, which could project fear about economic tightening and market constraints, leading to a negative sentiment post-announcement. | During Powell's press conference, caution regarding the pace of economic improvement was highlighted, which dampened expectations for prompt rate cuts, further contributing to a negative market outlook.",75,90,70,-0.000808,0.001164627,Negative,0.00017729
1395,5/1/24 19:13,Negative,"The statement reflects a cautious outlook regarding inflation and employment, leading to market jitters about potential economic slowdown, which negatively impacts investor sentiment. | Powell's comments during the press conference suggested that the Fed remains cautious, reiterating concerns about inflation persistence, which likely exacerbated negative market reactions.",80,91,89,-0.000892,0.001203298,Negative,-0.000808165
1396,5/1/24 19:14,Negative,"The Fed's decision to hold rates signals caution about inflation and growth, which could negatively sway markets anticipating easing monetary policy. | In the Q&A, Powell's nuanced take on inflation suggests less urgency for cuts, consolidating negative investor sentiment that may have emerged in the preliminary statement.",74,89,72,-0.000453,0.000729481,Negative,7.86E-05
1397,5/1/24 19:15,Negative,"The caution shown towards economic indicators leading to a likely delay in policy easing could drive negative investor responses expecting a more hawkish stance. | As Powell elaborates on cautious inflation management, market expectations for imminent easing get dampened, sustaining the negative momentum.",77,90,75,-0.00045,0.001163364,Negative,5.91E-05
1398,5/1/24 19:16,Negative,"The Fed maintaining rates amid inflation concerns typically drives market expectations downward, promoting negative sentiment. | Powell's press conference reiterating inflation risks and less confidence in further easing will reinforce market negativity.",77,88,71,-0.00045,0.001104406,Negative,-5.83E-09
1400,5/1/24 19:18,Negative,"Given that the interest rates remain unchanged with inflation still being a key focus, market uncertainty is likely to press downward expectations. | The cautious tone struck during the press conference, reiterating inflation's persistence, adds a layer of negativity on market expectations.",78,90,74,-0.000808,0.000887749,Negative,-0.000453503
1504,9/18/24 18:33,Negative,The Fed’s more pessimistic outlook on inflation at 2.5 percent despite previous readings and its emphasis on remaining elevated inflation has led to negative sentiment in the market.,78,82,75,-0.000434227,0.000829641,Negative,-0.000434227
1505,9/18/24 18:34,Negative,"The emphasis on a cautious approach regarding both inflation and labor market conditions led to fear of prolonged economic uncertainty, negatively impacting market sentiment.",76,80,72,-0.001232807,0.000547085,Negative,-0.002652846
1506,9/18/24 18:35,Negative,"A cautious tone regarding inflation and equilibrating between growth and employment led to market unease, prompting downward movements.",74,79,71,-0.000194736,0.002829955,Negative,0.000851265
1507,9/18/24 18:36,Negative,"The focus on potential further cuts amid concerning labor market trends spurred worries, leading to an immediate market downturn.",77,81,73,-0.001837443,0.002108098,Negative,0.003743165
1508,9/18/24 18:37,Negative,"The Fed's balancing act between curbing inflation and supporting a waning labor market developed a sense of apprehension in investors, resulting in negative reactions.",75,82,69,-0.000991825,0.002781962,Negative,-0.001232807
1509,9/18/24 18:38,Negative,Concerns over the possibility of further economic slowing despite efforts to balance inflation and employment pressures led to pessimism in market activities.,73,78,70,-0.000688623,0.001379115,Negative,-0.001837443
1510,9/18/24 18:39,Negative,Skepticism regarding the effectiveness of rate cuts amidst rising inflation fears created an overall negative sentiment in the market.,74,80,72,3.51E-05,0.001556117,Negative,0.000688623
1511,9/18/24 18:40,Negative,"Despite the Fed showing confidence in meeting inflation targets, lingering concerns around the labor market weakened investor confidence.",75,79,71,-0.000194736,0.001716996,Negative,-0.000194736
1512,9/18/24 18:41,Negative,"Market anxiety was driven by unclear signals on future rate cuts amid a slowing economy, prompting downward trends in market activities.",76,80,74,0.000688623,0.001221996,Negative,3.51E-05
1513,9/18/24 18:42,Negative,"The conflict between maintaining a stable job market and addressing inflation produced uncertainty and fear among investors, resulting in negative market reactions.",78,81,73,-0.000991825,0.000965302,Negative,-0.000991825
1514,9/18/24 18:43,Positive,"The anticipated larger cut of 50 basis points aligns with market expectations and provides reassurance regarding the Fed's commitment to fighting inflation while ensuring job growth, leading to positive market sentiment.",65,75,70,0.00122,0.002129207,Negative,0.001221358
1515,9/18/24 18:44,Positive,The announcement of a 50 basis point cut is perceived positively by the market as it counteracts concerns about continued inflation while signaling proactive measures to stabilize the economy.,70,80,75,0.00121,0.001419799,Negative,0.001209708
1516,9/18/24 18:45,Negative,"Despite the rate cut, some statements hinted at growing concerns over labor market conditions, leading to investor hesitancy and downward pressure on stocks.",68,77,73,-0.000937,0.001952536,Negative,0.001041133
1518,9/18/24 18:47,Positive,"Market participants responded positively to the aggressive cut which was larger than expected, instilling investor confidence in the Fed's actions.",75,82,78,0.002805,0.003085435,Negative,0.00280522
1519,9/18/24 18:48,Negative,"The market turned negative as Powell's caution about the labor market overshadowed the cut, leading to concerns over future economic stability.",72,79,76,-0.001054,0.001896793,Negative,-0.001054123
1520,9/18/24 18:49,Negative,The indication of potential persistent unemployment raised alarms and negatively influenced market reactions despite the rate cuts.,67,74,70,-0.000497,0.000831947,Negative,7.08E-05
1522,9/18/24 18:51,Negative,"The persistent focus on labor market conditions in relation to cuts caused investor anxiety, leading to a negative reaction.",70,75,72,-0.000937,0.001292356,Negative,0.000494923
1523,9/18/24 18:52,Positive,"Some optimism following the statement reinforced confidence in both the Fed's policies and the economic outlook, albeit tempered by caution.",68,74,71,0.000126,0.001415278,Negative,-0.00093739
1524,9/18/24 18:53,Negative,The strong signal of a half-point cut may initially lead to optimism but subsequently cause concerns regarding the Fed’s confidence in managing inflation without damaging the labor market. The market's complex relationship with interest rates likely prompted a negative response.,75,80,78,-0.000671414,0.000424216,Negative,-0.000671414
1525,9/18/24 18:54,Positive,"Despite the initial negative response, statements focusing on maintaining a strong labor market and gradual easing of rates contributed to an upward market shift, as confidence in economic recovery grew.",82,79,76,0.001113515,0.001123019,Negative,0.001113515
1526,9/18/24 18:55,Negative,"The announcement of a rate cut may have raised hopes, but concern over the necessity of the cut due to weak job market signals led to a negative market reaction.",78,80,77,-0.000551993,0.001663658,Negative,-0.000194635
1527,9/18/24 18:56,Negative,"The Fed emphasizing ongoing challenges in the labor market tempered enthusiasm from the rate cut, resulting in market pessimism about future economic conditions.",76,72,75,-0.000441848,0.000618692,Negative,-0.000441848
1528,9/18/24 18:57,Negative,"Comments concerning slower job growth and the possibility of rising unemployment overshadowed positive aspects of the rate cut, leading to a market downturn.",80,78,75,-0.001791862,0.000652323,Negative,-0.001791862
1529,9/18/24 18:58,Positive,"Clarity and commitment regarding future rate cuts reassured investors, resulting in an upward market trend, buoyed by growing confidence in economic recovery.",77,81,79,0.002860076,0.002232083,Negative,0.00049856
1530,9/18/24 18:59,Negative,"The initial euphoria from the rate cut contrasted with underlying concerns about labor market health, resulting in a net negative response as reassessments took place.",74,76,77,-0.000584078,0.001880199,Negative,0.000584078
1531,9/18/24 19:00,Positive,"Final affirmations of economic stability and explicit indications of continued support for the labor market provided renewed optimism and confidence in recovery, driving the market higher.",79,82,75,0.001113515,0.001171896,Negative,-0.000551993
1532,9/18/24 19:01,Negative,"Despite the rate cut signaling positive intent, the accompanying language regarding economic uncertainties led to a cautious market response.",80,75,78,-0.000551993,0.001938226,Negative,0.002860076
1533,9/18/24 19:02,Positive,"The clearing of expectations towards future rates iterated confidence in addressing inflation without severely impacting jobs, fostering an optimistic market outlook.",82,79,81,0.002860076,0.002134586,Negative,-0.001794923
1534,9/18/24 19:03,Positive,"The FOMC statement indicated greater confidence in managing inflation signals a more stable economic outlook, allowing room for market optimism despite ongoing concerns.",75,72,71,0.000106361,0.00092382,Negative,0.000106361
1535,9/18/24 19:04,Negative,"While the Fed acknowledged progress on inflation, the emphasis on a cooling job market raises investor concerns about future growth, triggering a negative reaction.",70,68,72,-0.001154897,0.000941753,Negative,-0.001154897
1536,9/18/24 19:05,Positive,"With explicit reference to lowering inflation and maintaining job stability, the clear communication from the Fed points towards cautious optimism in market responses.",78,76,74,0.000747329,0.002225744,Negative,0.001296771
1537,9/18/24 19:06,Negative,"Despite positive signals on inflation, there are emerging concerns over potential impacts of the Fed's rate cuts coupled with softening job numbers resulting in cautious market sentiment.",67,65,69,-0.000143763,0.001317242,Negative,0.000747329
1538,9/18/24 19:07,Positive,"Market sees the approach of rate cuts as a proactive measure by the Fed to maintain economic growth, increasing confidence among investors.",80,79,77,0.00022987,0.001228261,Negative,-0.000498314
1539,9/18/24 19:08,Negative,"The significant rate cut amidst a cooling job market raises fears of possible recession, resulting in a negative market reaction despite the intention to manage inflation.",72,70,71,-0.000302432,0.000996069,Negative,-0.000302432
1540,9/18/24 19:09,Negative,"While there is a positive tone regarding inflation, concerns over a weakening labor market contribute to investor caution, leading to a modest market decline.",69,68,67,-0.000143763,0.000675988,Negative,3.57E-05
1541,9/18/24 19:10,Positive,"With robust communication from the Fed regarding sustained economic growth and manageable inflation, markets react positively anticipating continued supportive monetary policy.",85,83,82,0.001209258,0.001014289,Negative,0.001209258
1542,9/18/24 19:11,Positive,The central bank's decisive action to cut rates while maintaining confidence in inflation recovery encourages market optimism about economic resilience.,83,81,80,0.001209258,0.002686689,Negative,0.00022987
1543,9/18/24 19:12,Positive,"With careful communication on inflation targets and future rate cuts, the market absorbs this positively, interpreting it as a plan for economic recovery.",79,77,74,0.00022987,0.001485162,Negative,-0.000143763
1544,9/18/24 19:13,Positive,"The Fed's commitment to rate cuts signifies confidence in achieving inflation targets and supporting the labor market, a favorable message for markets. The anticipation of more interest rate cuts prompted a rally in US stocks immediately after the announcement.",65,70,55,-0.000763294,0.001774056,Negative,-0.000763294
1545,9/18/24 19:14,Negative,"Despite the rate cut, there is uncertainty as it could be seen as a sign of underlying economic stress. The market may interpret this as the Fed being reactive rather than proactive, which can drive negative sentiment.",62,68,58,-0.000763294,0.000886006,Negative,-0.001186889
1546,9/18/24 19:15,Positive,"Fed officials showed confidence in inflation transitioning toward their target, boosting market sentiment. The strong communication from Powell indicated a means of regulating the market’s expectations more favorably.",70,72,60,-0.001186889,0.001134732,Negative,0.001204724
1547,9/18/24 19:16,Positive,"With Powell reassuring the strength of the labor market and the commitment to additional rate cuts, this reduces uncertainty and drives market optimism, leading to positive reactions.",66,74,65,-0.000141893,0.001188344,Negative,-0.000141893
1548,9/18/24 19:17,Negative,"Investors expressed concerns over political implications of the Fed's decisions near an election, causing a dip in market confidence as they weigh potential risks over benefits from previous assurances.",60,66,63,-0.003636241,0.000850158,Negative,-0.001328426
1549,9/18/24 19:18,Negative,"Revisiting inflation targets amidst rising unemployment influenced the market to lower expectations on rate stabilization, leading to a slight downturn as the Fed's stance signals concern over economic health.",65,71,68,0.000269323,0.001472101,Negative,0.001846569
1551,11/7/24 18:30,Positive,"The announcement results in initial lower yields reflecting reduced urgency for future rises in the funds rate, suggesting improved market outlook after some adjustment.",64,70,67,3.35E-05,0.000622393,Negative,0.000386593
1552,11/7/24 18:31,Negative,"Even with rate cut expectations well communicated, the market reacted negatively due to fears of inflation persisting alongside signs of economic fragility especially as job market indicators weigh on sentiment.",61,65,55,0.000386593,0.000269143,Negative,3.35E-05
1553,11/7/24 18:32,Negative,"The eventual review of labor market constraints and inflation concerns sustained anxiety among investors, prompting a cautious market behavior reflected in the decrease in indices post-conference.",67,72,63,0.000269323,0.000218708,Negative,0.000269323
1554,11/7/24 18:33,Negative,"The Fed's cautious tone around inflation nearing the 2 percent target, coupled with anticipated rate cuts, may signal uncertainty for markets. Investors often react negatively to rate cuts that imply economic downturn concerns.",75,80,60,-0.000303,0.000302837,Negative,-0.000303278
1555,11/7/24 18:34,Negative,"Same sentiments as in record 1554, predicated on the Fed's expectation of a rate cut. This can be interpreted by the market as a necessity rather than a proactive measure, which typically creates volatility.",73,78,63,-0.000161,0.00020186,Negative,0.000143463
1556,11/7/24 18:35,Negative,"With anticipation for less aggressive monetary easing, the probabilities surrounding inflation may steer investors toward a negative response amidst uncertain economic conditions. | As Powell’s insights into economic growth bolster investor confidence, an initially negative reaction could pivot positively as clarity emerges about sustaining economic growth.",82,77,62,-0.000563,0.000268324,Negative,8.41E-05
1560,11/7/24 18:39,Negative,"Reflections around an aggressive policy shift alongside upcoming difficult economic terrain lead to initial investor hesitancy, resulting in marked declines.",79,81,64,-0.000161,0.000117704,Negative,-0.000563281
1561,11/7/24 18:40,Negative,Similar themes emerge leading to initial bearish sentiments spurred by ongoing uncertainties tied to inflation and government projections. | Confidence can return based on Powell's ability to communicate stable economic conditions despite trends leaning towards lower lending rates.,83,81,69,0.0001,0.000572174,Negative,0.000504413
1564,11/7/24 18:43,Negative,"The announcement of the rate cut aligns with expectations but reflects a cautious approach. While inflation nearing 2 would generally be positive, concerns around economic stability and the impact of recent budget proposals dampen sentiment. | Powell's commentary shows cautious optimism but doesn't alleviate fears about inflation impacts from policy changes. This caution reflexively weakens market confidence despite no policy surprises.",80,75,70,-5.89E-05,0.000286022,Negative,-5.89E-05
1565,11/7/24 18:44,Negative,"The rate cut announcement, while expected, indicates a continued effort to mitigate inflation concerns, leading to skepticism in the market about future economic growth. | Powell's response to other economic factors raises doubts about the sustainability of growth, which could lead to further corrective measures, pushing market sentiment lower.",72,68,66,-0.000188202,0.00019351,Negative,0.000168251
1566,11/7/24 18:45,Negative,"The Fed's cautious stance on further rate cuts amidst conflicting signals in the economy induces negativity among investors, weighing heavily on market expectations. | Investors interpret Powell's remarks on inflation and employment stability as indicating that rate cuts are not sufficient to stimulate the economy effectively, leading to further declines.",65,63,60,-0.000188202,0.000201901,Negative,-0.000471054
1567,11/7/24 18:46,Negative,"The suggestion that Trump's policies could complicate the Fed's actions starts to create anxiety among investors, leading to downward pressure on the market. | Market participants respond negatively to Powell's responses regarding the uncertainty ahead, signaling a lack of confidence in economic recovery amid shifting policies.",70,67,64,-0.000188202,0.000319731,Negative,0.000429008
1568,11/7/24 18:47,Negative,"The expectation of Trump’s potential influence on the Fed’s future actions creates concerns over inflation and economic stability, leading to darkened market outlook. | Further elaboration on the Fed's uncertainty due to political changes exacerbates fears, prompting a sell-off in the markets as investors reassess their positions.",68,66,64,-0.000188202,0.00012621,Negative,-5.07E-05
1569,11/7/24 18:48,Negative,"Concerns about inflation due to upcoming policies during a potential Trump presidency result in cautious market sentiment, contributing to negative reactions. | Powell's remarks highlight uncertainties in the economic outlook, compounding investor unease and shifting market dynamics downwards.",69,67,64,-0.000188202,0.0001935,Negative,0.000143346
1570,11/7/24 18:49,Negative,"The mention of inflation nearing 2 percent is a double-edged sword; while generally positive, it leads to speculations about interest rate hikes which dampen market enthusiasm. | Continued concerns regarding potential Fed actions under Trump’s administration shift focus back to economic uncertainty rather than growth, reinforcing the negative sentiment.",70,68,66,-0.000188202,0.000202238,Negative,0.000201638
1571,11/7/24 18:50,Negative,"Despite anticipated policy cuts, the fear that Trump's economic agenda could complicate monetary policy leads to a drop in market confidence. | Concerns that the Fed may have to tighten further due to unanticipated inflationary pressures undermine the positive effects of the rate cut, leading to increased selling.",71,69,67,-0.000188202,0.000479407,Negative,-0.000370079
1572,11/7/24 18:51,Negative,"Political variables surrounding Trump lead to greater uncertainty in future rate cuts, stirring caution among investors, thus applying negative pressure on market prices. | Traders react negatively as divergence in Fed policy expectations versus political influences create lasting dips in market stability.",72,760,68,-0.000188202,9.25E-05,Negative,0.000176539
1573,11/7/24 18:52,Negative,"Initial market responses to the Fed’s signal of uncertainty in inflation management leans towards negativity as potential for political interference raises concerns. | Powell's commentary regarding potential inflation pressures leads to further pessimism about future actions, solidifying the negative market trend.",70,68,66,-0.000188202,0.000285834,Negative,-0.000311028
1584,11/7/24 19:03,Negative,"The initial reaction is driven by concerns about political pressure from Trump on the Fed. It raises fears about the Fed's independence, creating uncertainty in the market.",60,65,55,-0.000353129,0.000555154,Negative,0.000353129
1585,11/7/24 19:04,Negative,"As the Fed Chair discusses rate cuts, the potential impact of Trump's policies adds to inflation worries, leading to a sell-off in the markets.",62,63,58,-0.0003432,0.000336411,Negative,-3.38E-05
1586,11/7/24 19:05,Negative,"The conclusion holds pessimistic views about the Fed's capacity to manage inflation with Trump in power, leading to a lack of confidence among investors.",56,61,57,-0.000269197,0.000773942,Negative,0.000269197
1587,11/7/24 19:06,Negative,"Concerns about the economic implications of Trump's proposed policies linger, contributing to the downward pressure on market sentiment.",59,64,55,-0.000420011,0.00079058,Negative,-0.0003432
1588,11/7/24 19:07,Negative,Last-minute debates regarding inflation targets lead to jittery trading as investors become more risk-averse ahead of the Q&A.,61,66,56,-0.000208606,0.000302475,Negative,0.000208606
1589,11/7/24 19:08,Negative,Fed Chair Powell's responses regarding inflation control under Trump's potential policy shifts lead to increased uncertainty among investors.,58,59,59,-0.000235502,0.000504329,Negative,-0.000235502
1590,11/7/24 19:09,Negative,"Powell's comments on maintaining monetary independence amidst Trump's influence bring market concerns to the forefront, prompting sell-offs.",60,60,56,-0.000369406,0.000235334,Negative,-0.000369406
1591,11/7/24 19:10,Negative,Investor reaction post-conference remains negative due to the uncertainty surrounding Trump's potential policies affecting inflation targets.,59,60,57,-0.000420011,0.000420148,Negative,0.000420011
1592,11/7/24 19:11,Negative,Continued concerns and mixed signals from the Fed's economic outlook lead to further market skepticism.,62,61,61,-0.000151305,0.000252207,Negative,0.000151305
1593,11/7/24 19:12,Negative,A slight recovery observed earlier gets nullified as final remarks reflecting ongoing challenges to the Fed's strategies under Trump undermine confidence.,55,57,56,0,0.000268998,Negative,0