id,Combined_Prediction,Combined_Insight,Similarity 1,Similarity 2,Similarity 3,Price Change
1453,Positive,The FOMC statement signals greater progress in reducing inflation to its 2% target and expresses attentiveness to risks which indicates a cautious but optimistic outlook. This shift could assure markets of a stable approach toward economic recovery.,88.5,91.2,85.3,0.0010529083260805
1454,Positive,"Similar to the previous prediction, the emphasis on the sustained progress toward the inflation target signals a potential easing of rates in the future, which can bolster market optimism.",87.9,90.5,84.1,0.0010529083260805
1455,Positive,"The acknowledgment of inflation easing and job market moderation suggests a balancing act by the Fed, reassuring the markets and leading to positive sentiment.",86.3,89.9,83.6,0.0010529083260805
1456,Positive,"The adjustment in language regarding inflation indicates a nuanced approach by the Fed, leading to increased confidence in the market regarding potential rate cuts as early as September.",87.5,90.1,83.2,0.0004715056286819
1457,Positive,"With greater focus on job market risks and easing inflation, the Fed shows vigilance balancing between economic growth and inflation, thus fostering positive market sentiments.",87.8,89.7,85.0,0.0004715056286819
1458,Positive,"The Fed’s careful wording regarding inflation suggests lower rates may be incoming, which generally delights the market participants basing their strategies on sustainable growth and inflation.",88.4,90.6,84.3,0.001631398488969
1459,Positive,"Acknowledgment of progress toward rate cuts combined with continued caution indicates prudence by the Fed, generating hope for easing monetary policy which positively impacts market confidence.",87.0,90.0,84.5,0.0002178115380819
1460,Positive,"The nuanced discussion around potential job market risks coupled with inflation indicators creates a mixed reaction, leading to some investors being cautious despite an overall optimistic approach from the Fed.",86.6,88.9,83.1,-0.0001089350512026
1461,Positive,"As concerns regarding the job market arise, this could cause hesitation among market participants, suggesting a potential downward adjustment ahead of confirmations for economic strategies.",86.8,89.4,82.8,-1.82410470216E-05
1462,Positive,"The Fed's balance of interest rate strategies, reflecting a cautious yet proactive approach to inflation, positions the market to respond favorably towards sustained economic stability despite inherent risks.",87.2,89.8,85.4,-1.82410470216E-05
1463,Positive,The announcement of progress towards the 2% inflation target and potential rate cuts sparked optimism among investors. The market responded positively as expectations of easing borrowing costs are associated with economic growth.,85,82,80,0.5
1464,Positive,"Fed's focus on balance between inflation and employment indicated a more accommodative stance, leading to positive market sentiment about potential rate cuts in the upcoming meeting.",78,75,73,0.4
1465,Positive,"Signals of potential cuts combined with lowered inflation expectations fueled market optimism, leading investors to react positively.",80,79,77,0.3
1466,Positive,"The statement's indication of greater progress towards inflation goals helped create an upbeat market sentiment, driving positive reactions.",82,81,74,0.35
1467,Positive,"Despite rising unemployment, the commentary on inflation progress reassured markets that the Fed remains poised for potential rate cuts, resulting in a positive market response.",76,73,72,0.25
1468,Positive,Optimism stemming from insights on inflation reduction paired with rate cut prospects created positive market dynamics.,79,78,75,0.15
1469,Positive,The confident tone regarding inflation control mixed with easing pressure on the labor market supported a positive market movement.,84,81,80,0.18
1470,Positive,The Fed’s statements indicating cautious optimism regarding inflation progress encouraged bullish sentiment among investors.,77,75,74,0.22
1471,Positive,The acknowledgment of easing inflation pressures while maintaining vigilance created a reassuring tone that positively influenced market behavior.,80,78,76,0.21
1472,Positive,The dual focus on inflation nearing targets and labor market balance presented a favorable outlook seen positively by market participants.,83,79,78,0.19
1473,Positive,"The Federal Reserve indicated greater progress towards its 2% inflation target and suggested potential rate cuts are approaching. This tone hints at a dovish stance which typically signals support for market growth, compelling favorable market reactions.",0.85,0.8,0.75,0.002
1474,,,,,,
1475,Positive,"Chair Powell's reassuring comments regarding inflation and labor market conditions reinforced investor confidence, thereby bolstering market sentiment positively after the press conference.",0.82,0.79,0.76,0.003
1476,Negative,"As Powell highlighted the increasing risks to the job market, investor anxiety rose leading to a slight negative reaction despite an overall dovish outlook.",0.81,0.77,0.74,-0.001
1477,,,,,,
1478,Positive,"Fed officials highlighted potential rate cuts, calming investors' fears about inflation while indicating ongoing accommodative monetary policy, leading to a favorable market outcome.",0.83,0.8,0.77,0.002
1479,Negative,"Despite initial positive indicators, the emphasis on cautious approach and balance in goals indicated potential risks, which contributed to a negative market reaction.",0.78,0.75,0.74,-0.002
1483,Negative,"The Fed's cautious tone regarding the job market and hints towards potential rate cuts were overshadowed by the softening of hiring and upward pressure on unemployment. This indicates weakness in economic momentum, leading to a negative market reaction.",0.0,0.0,0.0,-0.0005783503689026
1484,Negative,"The Fed’s message indicating a less aggressive approach towards inflation and the uncertainty surrounding its dual mandate has led to cautious sentiment among investors, driving a negative market response.",0.0,0.0,0.0,0.0006688025784001
1485,Negative,"Powell's acknowledgment of the slowing job market contributed to investor caution. His comments did not instill confidence that the Fed could manage inflation effectively, leading to a sell-off.",0.0,0.0,0.0,-0.0013558509849262
1486,Negative,"The details about potential focus on the faltering job market indicated a risk that the Fed might take a more dovish stance, which spurred negative sentiments in the market as investors feared further economic weaknesses.",0.0,0.0,0.0,-0.0004339718725626
1487,Negative,"Investors focused on Powell's cautious statements about employment and inflation, interpreting them as signs that rate cuts may not be a sufficient remedy for weakening economic indicators, thus leading to a downward market movement.",0.0,0.0,0.0,-0.0005713378594226200
1488,Negative,"While acknowledging progress toward the inflation target, the Fed's cautious stance highlighted risks to both inflation and employment, causing a minor negative reaction as uncertainty prevailed for investors.",0.0,0.0,0.0,9.94585428561E-05
1489,Negative,"The Fed’s cautious tone regarding future rate cuts amid a cooling job market raised concerns about the depth of potential cuts, leading to a negative market sentiment reflecting fear of economic instability.",0.0,0.0,0.0,-0.0001719982610444
1490,Negative,"Traders perceived the Fed's discussions around the potential for cuts alongside a focus on rising unemployment as volatility-inducing, leading to a typically hesitant market reaction.",0.0,0.0,0.0,-0.000569803032237
1491,Negative,"Significant uncertainty stemming from Powell's comments concerning the job market created investor hesitancy, resulting in a slight downward adjustment in stock values.",0.0,0.0,0.0,-0.0003258457104751
1492,Positive,"The acknowledgment of progress towards the 2% target indicated optimism for a stable economic environment, leading some investors to react positively and moderately boost market values.",0.0,0.0,0.0,0.0012036035184127
1493,Negative,"The language in the statement indicated caution about future rate cuts, which caused fears in the market, leading to a negative reaction. Despite progress on inflation, the hesitance to reduce rates weighed on market confidence. | Chair Powell's comments did not provide strong reassurances regarding inflation and rate cuts, causing traders to react negatively as uncertainty lingered on the timing of policy adjustments.",85,80,75,-0.0011
1494,Negative,"The FOMC's cautious tone on cutting rates led to increased anxiety among investors, prompting a negative market reaction as traders digest the implications of the wording, especially terms like 'somewhat elevated' regarding inflation. | The tone set by Powell about the risks associated with the job market and inflation concerns kept investors nervous, leading them to pull back from equities amidst uncertainty.",90,82,79,-0.0011
1495,Negative,"Although progress was noted, negative sentiment from the market stemmed from the cautious wording about rates, which overshadowed any positive sentiment from inflation improvements. | Powell’s balance of optimism and caution about future economic conditions left traders uncertain about the timing of future rate cuts, thus maintaining a negative sentiment.",87,83,80,-0.0002
1496,Negative,"The Fed’s acknowledgment of a slowing job market and cautious outlook on rate cuts dominated the narrative, triggering a negative response among investors. | Market participants reacted to uncertainty about the Fed's ability to manage inflation while focusing on employment metrics, leading to decreased market confidence.",86,84,82,-0.0004
1596,Negative,"The initial market reaction is negative due to investor uncertainty about Trump's economic policies potentially leading to inflation. The focus on interest rate cuts by the Fed might not be enough to offset inflationary fears. | As the conference progresses, concerns about inflation dominate market sentiment. The discussion around the Fed's cautious approach regarding inflation forecasts and rate cuts further drives negativity.",65,70,68,-0.06609
1597,Negative,The market initially reacts negatively as uncertainty regarding future rate hikes amidst inflation concerns leads to cautious trading among investors. | Continued focus on inflation concerns without clear direction from the Fed results in consistent negative sentiment in the market during the mid-session.,70,72,69,-8.18E-06
1598,Negative,Investors react negatively initially due to fears around potential inflation stemming from Trump’s policies discussed prior to the conference. | The market sentiment remains negative as concerns persist over the Fed’s responsiveness to inflation risks without concrete actions announced.,65,66,68,-1.486E-05
1599,Negative,"The market is influenced by prior reports of rising inflation due to Trump’s policies, contributing to initial skepticism. | Continuing discussion around inflation leads to a persistent negative sentiment among investors, cementing their cautious stance. | The market sentiment remains largely negative as investors’ concerns regarding Fed actions versus inflation continue without resolution.",67,68,69,-0.00014861
1600,Positive,"As some reassurances around the Fed’s rate policy are provided, market sentiments begin to shift positively. | The conclusion of the conference indicates a more optimistic outlook from the Fed, further driving the positive market response.",70,66,68,0.0001486
1601,Negative,"Initial apprehension stems from the uncertainty about how Trump's policies may affect inflation, leading to initial market softness. | Positive sentiment attempts to surface as some insights into economic recovery offset initial fears about inflation. | The conference concludes amid ongoing concerns that surging inflation could lead the Fed to reconsider its accommodative stance.",70,67,68,-0.00013212
1602,Negative,"As inflation continues to dominate discussions, the market reflects concerns leading to a minor downward shift. | Investor confidence sees a further dip as wrapping discussions indicate stronger inflation outlooks without proactive measures.",70,68,67,-4.856E-05
1603,Negative,Initial concerns around Trump's policies impacting inflation create downward pressure on equities. | Concerns persist amid mixed messaging from the Fed about how they will approach inflationary pressures with interest rate policy.,67,65,68,-0.00013212
1604,Negative,"Initial reactions are negative, driven by prevailing fears of inflation associated with new economic policies. | Ongoing dialogue reinforces fears about inflation, continuing to press market prices downward.",66,67,68,-0.0001486
1605,Positive,"Investor sentiment starts off on a negative note as uncertainties linger regarding inflation impacts from policy changes. | Market optimism builds mid-conference as reassurances about stock market resilience emerge, instilling some confidence. | Optimism continues into the close as supportive statements about economic recovery push stocks further up.",66,65,68,-3.212E-05
1606,Positive,Market was buoyed by the prospect of Federal Reserve rate cuts and the AI revolution leading to confidence in technology and energy stocks. | Concerns over inflationary pressures due to expected changes under President-elect Trump caused market hesitation despite ongoing support from the Fed.,75,80,70,0.0002
1607,Positive,Similar factors as the previous record; overarching positive sentiment regarding Federal Reserve decisions sustaining the bullish trend. | Heightened inflation concerns overshadowed positive sentiment as market participants weighed potential future Fed actions.,75,80,70,0.0002
1608,Positive,"Market optimism driven by anticipated economic policies and Fed cuts bolstered sentiment significantly. | The perception of conflicting economic signals regarding inflation affected the overall market confidence, resulting in a slight decline.",75,80,70,0.0002
1609,Positive,"Investor confidence remained high due to strong economic growth indicators and Federal Reserve policies. | Similar to previous records, inflation issues became more pronounced as Trump’s upcoming economic policies introduced uncertainty.",80,75,70,0.0002
1610,Positive,Confidence bolstered by expected rate cuts from the Fed and policies that favor growth in technology and small-cap stocks. | Inflation concerns linked to Trump’s potential economic policies diminished previous optimism leading to cautious trades.,80,75,70,0.0003
1611,Positive,Market gains followed the trend of focusing on strong earnings and Fed support for the economy. | Mixed signals emerging about the economic policies under the new administration altered the previous positive sentiment.,80,75,70,0.0003
1613,Positive,"Persisting positive economic indicators led to robust market performance prior to key statements from the Fed. | As inflation risks were perceived to grow under Trump's policies, market sentiment exhibited hesitation and slight declines.",75,80,70,0.0003
1614,Positive,Focus on ongoing economic recovery facilitated a bullish sentiment leading up to the press conference. | Discourse surrounding inflation under Trump's policies prompted investors to recalibrate market expectations occurring during the press conference.,75,80,70,0.0003
1626,Negative,"The market reacted negatively likely due to the Federal Reserve indicating a cautious stance regarding inflation and hinting at potential future rate cuts, which contrasted with earlier bullish sentiment. The substantial cuts signaled uncertainty and concern about the economic outlook.",60,70,65,-0.00186154
1627,Negative,"The outcome of the press conference included dovish comments which did not align with the heightened expectations from the market regarding economic resilience, leading to a disappointment among investors.",65,75,68,0.00072761
1628,Negative,"Expectation of rate cuts led investors to recalibrate their portfolios, resulting in a decline as the reality set in that significant rate adjustments would be implemented, undercutting previous optimism.",70,72,66,-0.00123432
1629,Negative,"The market reflected concerns over future inflation management and potential friction between Fed policies and anticipated economic dynamics under the new administration, leading to cautious selling.",63,74,67,0.00066946
1630,Negative,"After the FOMC meeting where rate cuts were discussed, market participants appeared to act on fears that the Fed would struggle to address inflation properly, causing a slight sell-off.",61,73,69,0.00018972
1631,Negative,"The negativity stemmed from concerns regarding the Fed's future actions, especially in relation to Trump's presidency and potential policy shifts that could complicate the economic environment.",64,76,70,-0.00034822
1632,Negative,"Market reactions indicated a decline as participants feared that dovish policies would not sufficiently address rising inflation, enhancing risk aversion.",66,78,71,-0.00071571
1633,Negative,"Even the slightest negative market inclination was observed due to continued apprehension toward the Fed's inflation handling responsiveness, leading to investor hesitance.",68,79,72,7.43195E-05
1634,Negative,"The negative outlook was exacerbated by fears of inflation outpacing Fed efforts, cultivating a sentiment of caution among investors.",60,70,65,-0.00123432
1635,Negative,"Concerns regarding Fed's management of inflation relative to the legislative landscape under Trump had investors squaring off amid observed caution, leading to market declines.",67,74,66,-0.00071571
1636,Negative,"The market reacted negatively due to concerns over persistent inflation affecting future rate decisions by the Fed, despite earlier gains in equities.",85,80,78,-0.0001497077925719
1637,Negative,The market reacted negatively as it began to factor in the implications of Trump's presidency and potential inflationary pressures following a rally in tech stocks.,85,80,70,-0.0006819030037956
1638,Negative,"Market sentiment turned negative after discussions around future inflation and interest rate adjustments were highlighted, showcasing concern for economic stability.",82,78,74,-0.0001497077925719
1639,Negative,"Investors reacted negatively as the Fed's commitment to higher rates became apparent amidst inflation concerns, impacting market confidence.",83,79,77,-0.0002277776460289
1640,Negative,The market trend remained negative following the Fed’s reiteration of cautious optimism about future rate hikes amid inflation outlooks.,84,81,75,-0.0006744356358282
1641,Negative,"A predominantly negative market response was observed after aggressive inflation forecasts and interest rate cuts were announced, which unsettled investors.",86,79,76,-0.0009329165698367
1642,Negative,The market concluded on a negative note reflecting anxiety over the Fed’s proposed policies and their potential impact on inflation and economic growth.,83,81,78,-0.0003244972884241
1643,Negative,"Concerns about the balance between economic growth, interest rates, and inflation caused the market to end on a negative note, despite record highs in major indices.",85,77,73,-0.0009329165698367
1644,Negative,"Investors focused on tense economic forecasts from the Fed, reacting negatively to the outlook on interest rates and potential inflation management.",84,80,75,-0.0003244972884241
1645,Negative,Heightened inflation fears overshadowing positive economic data led to a negative response from the market after initial statements.,85,78,72,-0.0009329165698367
1646,Negative,"Market sentiment shifted negatively due to concerns regarding potential inflation from upcoming policy changes under the new administration, which could lead to interest rate hikes. The sudden positivity in markets was tempered by caution regarding rate adjustments. This increasing uncertainty influences market prices downwards.",15,18,28,-0.63