id,Start Time,Prediction,Insight,Similarity 1,Similarity 2,Similarity 3,Price Change,Volatility,Statement Price Movement
1401,2024-06-12 18:30:00,Negative,The market reacted negatively due to the indication that inflation has not made significant progress towards the 2 percent target and the commitment to high interest rates. The tone of caution in the economic outlook suggests a lack of immediate monetary easing.,90,85,80,-0.7277,0.0005160053811989,Positive
1402,2024-06-12 18:31:00,Negative,"Similar to Record 1401, the market perceived the statement's focus on the unchanged interest rates and the slow inflation progress negatively, maintaining a cautious outlook.",90,85,80,-0.7277,0.0013275315288738,Positive
1403,2024-06-12 18:32:00,Negative,The negative tone surrounding inflation and the unchanged rate policy led to bearish sentiments among investors. Market expectation for delays in rate cuts indicated economic stability but the focus on high rates weighed down sentiment.,90,85,80,-0.7277,0.0012174875484227,Positive
1404,2024-06-12 18:33:00,Negative,A strong negative reaction was observed as the Fed's projection for fewer rate cuts disappointed market expectations. The lack of substantial improvement in inflation expectations further fueled this negativity.,90,85,80,-0.8845,0.0009219308920603,Positive
1405,2024-06-12 18:34:00,Negative,"The announcement of continued high interest rates amidst inflation concerns contributed to heightened market unease, resulting in a pronounced negative reaction.",90,85,80,-0.8845,0.0005161766061387,Positive
1406,2024-06-12 18:35:00,Negative,The ongoing uncertainties regarding inflation not meeting target levels combined with a steady interest rate policy prompted a lack of confidence in market stability.,90,85,80,-0.3594,0.0011255027860806,Positive
1407,2024-06-12 18:36:00,Negative,"The Fed's acknowledgment of inflation risks and the lack of rate cuts were viewed negatively, prompting concerns among investors about economic growth.",90,85,80,-0.3594,0.0010707626414607,Positive
1408,2024-06-12 18:37:00,Negative,Persistence in high borrowing costs and the unknown elements concerning inflation stability led to a negative outlook within the market immediately after the statement.,90,85,80,-0.3594,0.0016612522150029,Positive
1409,2024-06-12 18:38:00,Negative,"The uncertain trajectory of inflation coupled with unchanged rates influenced market sentiment negatively, driving investors towards caution.",90,85,80,-0.3594,0.0011802674043337,Positive
1411,2024-06-12 18:40:00,Positive,"The FOMC's decision to maintain the target range for federal funds rates and not signal an immediate rate cut shows stability which the market interprets positively, reinforcing investor confidence.",75,80,70,0.0012710217139727,0.0013831258644536,Positive
1412,2024-06-12 18:41:00,Positive,"Similar to Id 1411, the market responds well to the stability message and commitment to achieving inflation targets, causing an uplift as analysts see potential for lower rates down the line.",76,82,71,0.0012710217139727,0.0004056196762417,Positive
1413,2024-06-12 18:42:00,Positive,"The FOMC maintaining interest rates while recognizing progress on inflation encourages market optimism, as it signals no immediate shifts that could disrupt recovery efforts.",74,79,68,0.0012710217139727,0.000625125624434,Positive
1414,2024-06-12 18:43:00,Positive,"Once again, the absence of rate cuts and the assurance towards reaching the inflation goal reassures investors amidst uncertainty, bolstering market sentiment.",75,81,69,0.0012710217139727,0.0008486179281838,Positive
1415,2024-06-12 18:44:00,Positive,"The market reacts positively to the announcement from the Fed, particularly the commitment to keep rates stable while monitoring inflation, instilling confidence.",76,83,70,0.0012710217139727,0.0018834825962516,Positive
1416,2024-06-12 18:45:00,Positive,"A more measured approach from the Fed regarding inflation and rates indicates a thoughtful stance, which markets see favorably despite remaining vigilance towards inflation targets.",77,85,72,0.0005443680376037,0.0010525149567915,Positive
1417,2024-06-12 18:46:00,Positive,"The continuity in Fed strategy while noting economic growth signals to investors that stability is prioritized, yielding positive market reception.",74,81,67,0.0012710217139727,0.000792659537038,Positive
1418,2024-06-12 18:47:00,Positive,"Positive sentiment stems from the Fed reiterating a steady policy approach while addressing inflation targets clearly to the market, encouraging investments.",75,82,70,0.0005443680376037,0.0006274336119877,Positive
1419,2024-06-12 18:48:00,Positive,"Investor optimism is stimulated by solid job reports and a less aggressive stance on inflation, likely signaling stable to improving economic conditions.",76,83,71,0.0005775562069123,0.0008397235371737,Positive
1420,2024-06-12 18:49:00,Positive,"The concurrent acknowledgment of economic growth alongside controlled inflation reinforces confidence in the Fed's ability to manage rates, boosting market sentiment.",78,80,72,0.0005775562069123,0.0009419326241134,Positive
1421,2024-06-12 18:50:00,Negative,"Market reacted negatively due to the Fed maintaining the interest rate while also indicating fewer expected cuts, causing concern among investors about persistent elevated inflation.",85,75,80,-0.0010289131186108,0.0008585751345561,Positive
1422,2024-06-12 18:51:00,Negative,"Following the announcement, investors were discouraged by the Fed's cautious projections indicating a delay in potential rate cuts, reinforcing concerns over inflation.",85,75,80,-0.0010289131186108,0.0006459709866743,Positive
1423,2024-06-12 18:52:00,Negative,"The market was negatively impacted due to the Fed's emphasis on inflation still being above target, contributing to uncertainty about future rate adjustments.",82,70,75,-0.0002723245801259,0.0009604551079588,Positive
1424,2024-06-12 18:53:00,Negative,"Before the announcement, the market showed unease amid speculation of how the Fed would manage ongoing inflation concerns while holding rates steady.",84,72,78,-0.0002120514978194,0.0007391256143983,Positive
1425,2024-06-12 18:54:00,Negative,"Initial remarks from the Fed chair that echoed caution over inflation pressures led to a sense of unease, impacting investor sentiment.",83,71,77,-0.0001705793549101,0.0009975799449485,Positive
1426,2024-06-12 18:55:00,Negative,"The Fed's announcement of unchanged rates amidst high inflation led to a strong market negative reaction, reflecting investor concerns about economic stability.",81,69,76,-0.0013769480969565,0.0008771362885132,Positive
1427,2024-06-12 18:56:00,Negative,Concerns about inflation not decreasing adequately during the Q&A session led to negative market movements as uncertainties about rate cuts persisted.,84,73,79,0.0004793422030018,0.0013220013657418,Positive
1428,2024-06-12 18:57:00,Negative,"The comprehensive statement highlighted enduring inflation issues, negatively impacting investor confidence and driving negative market reactions.",85,75,80,-0.0004793422030018,0.0008852005532503,Positive
1429,2024-06-12 18:58:00,Negative,"At the conference's closure, uncertainty regarding monetary policy direction in light of inflation led to a final negative adjustment in market sentiment.",82,70,74,-0.0003504293867138,0.0006640473687123,Positive
1430,2024-06-12 18:59:00,Negative,"The closing remarks reaffirmed the need for continued vigilance on inflation, leading to a final downturn as uncertainty loomed over future Fed actions.",80,68,72,-0.0002120514978194,0.0005069685126465,Positive
1431,2024-06-12 19:00:00,Positive,"The statement highlighted ongoing job gains and strong economic activity, signaling confidence in the economy. While inflation remains above targets, the tone reassured markets that the Fed is attentive and proactive in managing risks, promoting a positive reaction.",87,68,92,0.0003313683502607,0.0005530769514399,Positive
1432,2024-06-12 19:01:00,Positive,"The consistent themes of employment stability and gradual inflation control presented in the statement suggest a balanced approach from the Fed that instilled market confidence, leading to a positive response.",87,68,92,0.0003313683502607,0.0007554818500091,Positive
1433,2024-06-12 19:02:00,Negative,"Despite reporting modest improvements, the mention of inflation still being above target raised concerns regarding the Fed's future actions, which could dampen market enthusiasm.",87,68,80,-0.0007370052469649,0.0006630566913469,Positive
1434,2024-06-12 19:03:00,Negative,"The emphasis on ongoing inflation challenges and the reminder that rate cuts will depend on sustained improvements in inflation created a cautious market sentiment, leading to a negative market reaction.",89,86,88,-0.0002762865127209,0.0004789095597715,Positive
1435,2024-06-12 19:04:00,Negative,"The inherent uncertainty communicated about inflation and the economy's trajectory prompted traders to adopt a more risk-averse stance, reflecting a negative market sentiment.",89,79,87,-0.000617304089657,0.0005344045995652,Positive
1436,2024-06-12 19:05:00,Positive,"A positive assessment of job gains along with assurance of a measured approach to inflation gave investors confidence, which resulted in a slight market uptick.",88,79,88,0.0005156711618092,0.0006450542767098,Positive
1437,2024-06-12 19:06:00,Positive,"The emphasis on job growth and the Fed's commitment to achievable inflation targets provided support, thus leading to a cautious optimistic market response.",88,79,88,0.0002580490813877,0.0003868410639805,Positive
1438,2024-06-12 19:07:00,Negative,"Continued concerns regarding high inflation readings dampened overall market enthusiasm, leading to a negative reaction as expectations for swift rate cuts diminished.",88,79,88,-0.000617304089657,0.0005530055853563,Positive
1439,2024-06-12 19:08:00,Negative,"The overall sentiment reflected apprehensions surrounding inflation remaining elevated and the Fed's cautious stance on interest rates, causing a slight negative market reaction.",88,78,84,-0.0001104965585936,0.0007185099209638,Positive
1440,2024-06-12 19:09:00,Negative,"Concerns surrounding persistent inflation led investors to expect prolonged high interest rates, triggering a negative market reaction anticipating tighter financial conditions.",85,89,85,-0.0007370052469649,0.000423627355276,Positive
1441,2024-06-12 19:10:00,Negative,"The market reacted negatively due to a lack of commitment to rate cuts, as indicated by the cautious tone on inflation and reservations about economic performance, despite positive job growth. The stark emphasis on waiting for more data on inflation contributes to market concerns about the Fed potentially maintaining a higher rate for longer.",86,78,82,-0.037,0.0008659922981962,Positive
1442,2024-06-12 19:11:00,Negative,"Similar to the previous reaction, the cautious stance of the Fed regarding inflation projections dampened market hopes for imminent rate cuts, leading to a negative sentiment among investors. Even with strong job numbers, the lack of substantial movement towards the 2  inflation target instilled skepticism.",88,80,84,-0.036,0.0005708498296658,Positive
1443,2024-06-12 19:12:00,Negative,"The Fed's commitment to its inflation targets, without significant assurances on rate cuts, left the market unsettled. While there are encouraging signs regarding inflation, the overall cautious messaging leaves traders skeptical about immediate policy shifts.",85,79,83,-0.001,0.0009578191195431,Positive
1444,2024-06-12 19:13:00,Negative,"A perceived divergence between strong job reports and lingering inflation concerns created uncertainty. Markets anticipated stronger action yet received only nuanced suggestions of future policy shifts, fostering a negative outlook.",90,81,85,-0.0002,0.0004420622202575,Positive
1445,2024-06-12 19:14:00,Negative,"Despite indications of a healthy job market and some cooling in inflation, the Fed's reticence to alter interest rates negatively influenced market sentiments. Traders remain cautious, expecting the Fed to maintain a conservative stance going forward.",88,76,79,-0.0005,0.0006168690672385,Positive
1446,2024-06-12 19:15:00,Negative,"The overall cautious commentary on economic conditions combined with stagnant inflation progress unsettled investors, who were expecting more aggressive measures from the Fed. The lack of significant changes in policy projected continued market volatility.",89,80,81,-0.0007,0.0007271187688682,Positive
1447,2024-06-12 19:16:00,Negative,The Fed's indecision regarding interest rates amid fluctuating inflation readings spurred a feeling of uncertainty in the market. The minor improvements in inflation were overshadowed by the overall cautious narrative.,87,82,83,-0.0005,0.0005981907031962,Positive
1448,2024-06-12 19:17:00,Negative,"Anticipation of significant changes remained high but was unmet by the Fed's actual positioning, causing investor disappointment. Despite some positive macro indicators, the prevailing cautious tone led to falls in the market.",88,75,80,-0.0004,0.0004417123716273,Positive
1449,2024-06-12 19:18:00,Negative,"Concerns that the Fed would not act on inflation due to existing uncertainties contributed to downward pressure on stocks. The market expected more decisive action than what was communicated, resulting in adverse reactions.",86,80,78,-0.0002,0.0004784512899782,Positive
1450,2024-06-12 19:19:00,Negative,"Overall, the Fed's communication strategy underscored a cautious approach to potential rate cuts, fueling market anxieties. The lack of a definitive timeline for easing policy led to persistent negative sentiment.",83,84,82,-0.0003,0.0006337782659126,Positive
1451,2024-06-12 19:20:00,Negative,"Despite maintaining target rates, the market is likely reacting negatively to inflation concerns persisting despite the Committee's commitment to act if necessary. The cautious tone regarding inflation not falling as expected may signal uncertainty among investors, contributing to the negative reaction.",95,92,90,-0.0005,0.000340264302596,Positive
1452,2024-06-12 19:21:00,Negative,"The continued signals of possible rate cuts have led to speculation, possibly causing market instability. While the Committee's recognition of easing inflation may be seen as positive, the prevailing economic concerns could lead to a lack of confidence from investors, hence the negative market reaction.",94,89,91,-0.0005,0.0006252528596124,Positive
1453,2024-07-31 18:30:00,Negative,"There is a notable acknowledgment of inflation risks which overshadowed the positive aspects of job moderation and growth. This discrepancy between expectations and outcomes likely instigated a cautious response in the market, prompting a downturn.",93,88,89,-0.0012,0.0010164077246986,Positive
1454,2024-07-31 18:31:00,Negative,Investors react negatively to elevated inflation despite progressive signs from the economic outlook. The tension between controlling inflation while ensuring job growth creates a complex landscape that may foster hesitation among traders.,92,90,88,-0.0009,0.0005804356895395,Positive
1455,2024-07-31 18:32:00,Negative,Hints of potential future rate cuts did not ease investor concerns as inflation remains a pressing issue. This uncertainty surrounding monetary policy led to negatively skewed market sentiment.,91,87,85,-0.0008,0.0010697708152016,Positive
1456,2024-07-31 18:33:00,Negative,The mixed messages regarding inflation and possible cuts weighed heavily on market confidence. Inconsistencies in the economic outlook and rate expectations typically translate to negative market movements.,92,89,90,-0.001,0.0006885305308932,Positive
1457,2024-07-31 18:34:00,Negative,"Despite positive strides towards inflation goals, concerns remain regarding job market stability which impacted market confidence negatively. The acknowledgment of elevated inflation risks creates hesitancy among investors.",90,92,91,-0.0011,0.0006706300297252,Positive
1458,2024-07-31 18:35:00,Negative,"Although there are positive indicators regarding inflation progress, the committed high rates send conflicting signals to investors, leading to bearish market reactions.",90,89,87,-0.0008,0.0018700072621642,Positive
1459,2024-07-31 18:36:00,Negative,"Investor uncertainty regarding job market impacts and inflation targets overrides any positive sentiment generated by growth indicators, pushing market reactions toward negative sentiments.",94,93,91,-0.001,0.0014351111757011,Positive
1460,2024-07-31 18:37:00,Negative,"Despite growth in certain indicators, the potential for rate cuts amidst a still-fragile job market leads to cautious investor sentiments, reflected in a negative market reaction.",92,90,88,-0.0007,0.0010894235133908,Positive
1461,2024-07-31 18:38:00,Negative,"Traders had priced in a high probability of rate cuts, but concerns regarding the job market and inflation prevented a decisive positive shift.",65,60,55,-0.0001089350512026,0.0008350882288866,Positive
1462,2024-07-31 18:39:00,Positive,"Confidence in inflation's progress boosts optimism about potential rate cuts, reflecting a more favorable market outlook.",70,65,60,0.0004715056286819,0.0005080563216721,Positive
1463,2024-07-31 18:40:00,Positive,"Expectations were reinforced as Powell's comments hinted at a possible rate cut due to easing inflation, leading to positive market sentiment.",75,72,68,0.0006153846153845,0.000816267300332,Positive
1464,2024-07-31 18:41:00,Negative,"Despite initial positivity, concerns about the balance between inflation and employment emerged, resulting in a reassessment of market expectations.",68,60,62,-0.0007613593944173,0.0012142686627872,Positive
1466,2024-07-31 18:43:00,Positive,A clear trend of inflation decreasing paired with labor market concerns led to a positive sentiment ahead of announcements.,70,68,65,0.0001810472494831,0.0003440595404087,Positive
1467,2024-07-31 18:44:00,Negative,The press conference's contents led to uncertainty about future policy adjustments due to mixed signals on labor and inflation.,72,70,71,-0.0003256999926186,0.0003802350214561,Positive
1468,2024-07-31 18:45:00,Positive,Market responded positively to Powell's comments framing the central bank's perspective on inflation as less aggressive recently.,73,75,77,0.0006153846153845,0.0005976420305341,Positive
1469,2024-07-31 18:46:00,Negative,"Concerns over job market weakness overshadowed the positive inflation indications, leading to cautious sentiment.",68,64,66,-1.80992199117462E-05,0.0005247336406411,Positive
1470,2024-07-31 18:47:00,Negative,Mixed messages from the Fed regarding interest rates led to a correction in market expectations after an initial positive response.,72,70,71,-0.0003256999926186,0.0004526279579237,Positive
1471,2024-07-31 18:48:00,Positive,"The Fed signaled closer progress to its inflation reduction target, which is viewed positively by markets. The mention of readiness to lower rates supports investor confidence regarding economic stability and growth.",75,80,70,0.1,0.00068472856205,Positive
1472,2024-07-31 18:49:00,Positive,"Acknowledgment of further progress in inflation signals a possible rate cut coming soon, fostering optimism among stock and bond market investors.",76,82,72,0.12,0.0008681416089293,Positive
1473,2024-07-31 18:50:00,Positive,"The statement emphasized positive economic indicators alongside reiteration of commitment to achieving the 2  inflation target, supporting bullish sentiment in markets.",74,79,67,0.15,0.0006147392782236,Positive
1474,2024-07-31 18:51:00,Positive,"Federal Reserve Chair Powell's commentary on the easing inflation rate creates strong expectations for a near-future rate cut, prompting confidence in the equity markets.",73,81,69,0.13,0.0007051038672234,Positive
1475,2024-07-31 18:52:00,Positive,"Indicating a soft landing and a gradual approach toward easing rates resonated positively with stakeholders, enhancing market stability and growth prospects.",75,80,71,0.14,0.0009225092250922,Positive
1476,2024-07-31 18:53:00,Positive,"The shift in language towards considering inflation risks suggests the Fed is still committed to supportive policies, creating a positive environment for markets.",76,78,70,0.11,0.0007960054996744,Positive
1477,2024-07-31 18:54:00,Positive,"Chair Powell's remarks about progress toward reducing inflation cater to market optimism, bolstering expectations for a potential policy adjustment in the near future.",73,82,69,0.1,0.0006510534406364,Positive
1478,2024-07-31 18:55:00,Positive,"The acknowledgment of cooling inflation in conjunction with heightened concerns over the job market leads investors to expect a forthcoming rate cut, strengthening market confidence.",75,77,66,0.09,0.0007690985260452,Positive
1479,2024-07-31 18:56:00,Positive,"Positive adjustments to the inflation target signal an optimistic future for monetary policy, encouraging prolonged investment interests.",74,79,65,0.11,0.0006876956765658,Positive
1480,2024-07-31 18:57:00,Positive,"The recognition of progress in inflation presents a favorable outlook for policy changes, prompting investor enthusiasm in the stock market.",75,81,67,0.14,0.0006692350823882,Positive
1481,2024-07-31 18:58:00,Positive,"The statement indicates greater progress on inflation and hints at a potential rate cut, which is viewed positively by investors anticipating more favorable borrowing conditions.",75,70,65,0.2441,0.000370752174778,Positive
1482,2024-07-31 18:59:00,Negative,"The acknowledgment of a slower job market may cause concern among investors, leading to a modest downward adjustment in market expectations despite slight inflation improvements.",80,75,73,0.1537,0.000434035627091,Positive
1483,2024-07-31 19:00:00,Negative,"Continued emphasis on slowing job gains and uncertainty around inflation leads to increased cautiousness in the market, prompting sellers to dominate trading.",78,80,70,0.4339,0.0007507779144655,Positive
1484,2024-07-31 19:01:00,Positive,Positive feedback on easing inflation leads to increased investor confidence and a rally in stock prices as the market anticipates favorable policy shifts.,82,79,76,0.6688,0.0005607206164308,Positive
1485,2024-07-31 19:02:00,Positive,"Signals of potential policy shifts are well-received, suggesting a more accommodating monetary approach could drive investment rally.",76,74,72,0.0001,0.0007867322578312,Positive
1486,2024-07-31 19:03:00,Negative,The language changes indicating enhanced cautiousness around economic performance create unease among investors.,70,67,65,0.0014,0.0007414641203703,Positive
1487,2024-07-31 19:04:00,Positive,"The Fed signaling closer to rate cuts despite concerns about employment sentiment provides a constructive overview, boosting market sentiment.",74,75,68,0.0017,0.0016295491580664,Positive
1488,2024-07-31 19:05:00,Negative,"Caution around future rate cuts due to lingering inflation concerns may dampen investor enthusiasm, leading to a tranquil market response.",73,71,69,0.0002,0.0006518314653533,Positive
1489,2024-07-31 19:06:00,Negative,"The combination of potential political pushback and the uncertainty regarding the job market induces a fear of volatility, yielding cautious investment behavior.",79,77,74,0.0003,0.0006970596755503,Positive
1490,2024-07-31 19:07:00,Positive,"The market reacts positively to Powell’s comments that indicate potential easing measures soon after a period of tightening, encouraging risk-taking behavior.",81,80,75,0.0005,0.0006879073135409,Positive
1491,2024-07-31 19:08:00,Negative,"The market's expectation for a rate cut was already priced in, but any ambiguity or cautiousness from the Fed regarding future cut timelines can lead to negative reactions. The sentiment that while inflation is cooling, job market concerns remain high may create uncertainty.",70,65,75,-0.0005698,0.0005429667704337,Positive
1492,2024-07-31 19:09:00,Positive,"If the Fed hints towards a potential cut while maintaining a steady course, it could positively influence the market sentiments as traders could read this as supportive of growth amidst cooling inflation.",72,68,74,0.0012036,0.0010141804154518,Positive
1493,2024-07-31 19:10:00,Negative,"Disappointment from the failure to significantly cut rates can lead to a negative reaction, especially if market reactions had anticipated a more aggressive stance.",69,66,71,-0.0011042,0.0011412836723972,Positive
1494,2024-07-31 19:11:00,Positive,"The positive sentiment is fueled by the Fed's acknowledgment of progress in inflation management, which may boost market confidence about economic stability moving forward.",70,64,72,0.0007421,0.001249841505606,Positive
1495,2024-07-31 19:12:00,Negative,"If the indication of rate cuts comes with a cautious tone, investors may remain skeptical about the timing and effectiveness of such measures, leading to a decline in market confidence.",68,67,69,-0.0001811,0.0005979344084073,Positive
1496,2024-07-31 19:13:00,Negative,"Caution in the Fed's statement regarding economic outlook and job market tensions can outweigh any positive outlook from inflation progress, triggering negative market reactions.",74,71,76,-0.0003987,0.0004710230257794,Positive
1497,2024-07-31 19:14:00,Positive,"Bullish sentiment can arise if the Fed shows readiness to cut rates, supported by positive inflation data, thus reassuring markets of continued economic support.",73,69,73,0.0007879,0.0008576716226461,Positive
1498,2024-07-31 19:15:00,Negative,"Even minor hesitance in the Fed's approach to rate cuts can be perceived negatively by markets, causing a potential sell-off amid unresolved concerns about inflation.",72,70,74,-0.0003987,0.0007154306620902,Positive
1499,2024-07-31 19:16:00,Positive,Expectations for imminent rate cuts on the back of positive inflation management can drive an upward momentum in the markets.,75,70,72,0.0007421,0.0005883045064126,Positive
1500,2024-07-31 19:17:00,Negative,The possibility of political pressures influencing Fed decisions combined with a mixed outlook on inflation could result in a downtrend in the markets.,74,68,70,-0.0005698,0.0007069479810446,Positive
1594,2024-12-18 18:30:00,Negative,"The initial market reaction was influenced by concerns about future inflation due to potential policy changes under President-elect Trump, which conflicted with the Fed's rate cuts, leading to a drop in market confidence.",80,75,70,-0.0666154639165001,0.0003452144502242,Positive
1595,2024-12-18 18:31:00,Positive,"Market responded positively, bolstered by expectations of continued Fed support and positive economic sentiment following Trump's victory and potential tax cuts.",82,78,73,0.0169940362984,0.0002726011102301,Positive
1596,2024-12-18 18:32:00,Negative,"Market reaction was negative due to inflationary concerns and potential conflicts between Trump's policies and the Fed's stance, leading to uncertainty and risk aversion among investors.",79,74,71,-0.0660900229641468,0.0002312635247864,Positive
1597,2024-12-18 18:33:00,Negative,The market reacted negatively as the Fed's projected inflation increases raised concerns about a tightening monetary policy in response to Trump's economic measures.,81,75,72,-1.486077654377E-05,0.0001981898658915,Positive
1598,2024-12-18 18:34:00,Positive,The initial announcement led to a positive market reaction driven by optimism around economic recovery and tech sector strength despite inflationary concerns.,80,76,72,0.0001486208491252,9.90818416012602E-05,Positive
1599,2024-12-18 18:35:00,Negative,"Investors expressed caution due to uncertainty surrounding the intended inflation measures under the new leadership, influencing a negative market reaction.",78,74,69,-3.4961238439867E-05,0.0001139384732243,Positive
1600,2024-12-18 18:36:00,Positive,"Market responded positively reflecting the prevailing optimism about tech stocks and recent rate cuts, overshadowing potential inflationary concerns.",82,79,75,0.0001486208491252,0.0001486252167451,Positive
1601,2024-12-18 18:37:00,Negative,"The announcement raised apprehensions about how Trump's policies could impact inflation and Fed policy, leading to a cautious and negative market response.",80,76,71,-3.4961238439867E-05,0.0001321156672667,Positive
1602,2024-12-18 18:38:00,Negative,"Concerns about potential inflation and policy conflicts between the Fed and the new President signaled uncertainty, contributing to a negative reaction.",81,74,68,-1.486077654377E-05,0.0001486399445078,Positive
1603,2024-12-18 18:39:00,Negative,"Despite overall gains, the market reacted negatively due to persistent inflation concerns, indicating a lack of confidence in the Fed's ability to maintain its dovish stance.",82,77,74,-1.486077654377E-05,0.0002890889568017,Positive
1604,2024-12-18 18:40:00,Positive,"The market reacts positively as key indicators show resilience in the economy, bolstered by anticipated Federal Reserve rate cuts. The narrative around lower borrowing costs and the AI revolution promotes confidence in growth.",75,80,70,6.61,9.9119488543349E-05,Positive
1605,2024-12-18 18:41:00,Negative,"The market reacts negatively as the discussion shifts towards inflation concerns, particularly related to potential Federal Reserve actions that might be perceived as aggressive in response to inflationary pressures.",70,65,60,-4.96,0.0001982422520319,Positive
1607,2024-12-18 18:43:00,Positive,"A positive turn occurs as assurance from the Fed is observed, coupled with anticipated market-friendly policies from President-elect Trump, leading to boosted investor sentiment.",74,78,67,0.18,0.0001817550932734,Positive
1608,2024-12-18 18:44:00,Positive,"The market continues on a positive trajectory due to comprehensive Fed assurances, indicating an accommodative stance amid ongoing growth.",76,81,74,0.2,0.0002176254109805,Positive
1613,2024-12-18 18:49:00,Positive,"Market showcases positivity as final notes reflect a harmonious relationship between expected policy and potential growth, enhancing buyer confidence.",84,85,80,0.21,0.0002477577919827,Positive
1614,2024-12-18 18:50:00,Negative,"The announcement of Federal Reserve rate cuts may have been overshadowed by heightened inflation concerns, leading to a cautious market atmosphere despite initial optimism. The mention of Trump's economic policies creating additional inflation pressures suggests potential future monetary tightening, inducing a negative sentiment.",84,85,80,-0.0001156148468376,0.0001651773178507,Positive
1615,2024-12-18 18:51:00,Negative,"Despite the general positive sentiment from economic resilience and predicted growth, specific inflationary concerns and uncertainty surrounding potential future rate hikes led to a negative market reaction after the Fed's announcement. The cautious outlook for the economy, combined with expectations of tighter policies, resulted in selling pressure.",84,85,85,-0.0002642482451325,0.0001486546751895,Positive
1616,2024-12-18 18:52:00,Negative,"While there was optimism in the market at the beginning, concerns about persistent inflation and its implications for Fed policy led to a downward adjustment in stock prices. The juxtaposition of strong earnings but uncertain monetary policy direction caused tension among investors.",84,84,80,-0.0003716268019152,0.000313862825426,Positive
1617,2024-12-18 18:53:00,Negative,"Overall bullish market trends were countered by fears of rising inflation and its potential impact on interest rates. The Fed's cautious stance on future rate hikes in response to political factors created an environment rife with uncertainty, causing market reticence.",84,85,80,-0.0001404178385443,0.0002312558846363,Positive
1618,2024-12-18 18:54:00,Negative,"The market's significant reaction stemmed from deeper concerns about inflation and its corrosive effects on growth amidst the Fed's rate cuts, which were perceived as insufficient in combating inflationary pressures. The pervasive fear of uncertainty about the direction of future monetary policy led to a strong negative market sentiment.",84,85,80,-0.0027083264524226,0.0001651527663088,Positive
1619,2024-12-18 18:55:00,Negative,"Amid expansive growth expectations, the market reacted negatively due to intertwining inflation pressures with the Fed's policies. The prevailing inflation concerns outweighed favorable economic growth signs, causing investors to scale back their risk appetite.",84,85,80,-0.0002957350035929,0.0001981669556601,Positive
1620,2024-12-18 18:56:00,Negative,"Overall bullish sentiments were clashed by significant apprehensions about inflation and future Fed actions, leading to increases in uncertainty and caution among investors, reflected in the negative market reaction.",84,85,80,0.0002131657114753,0.0001651336757103,Positive
1624,2024-12-18 19:00:00,Positive,"The strong announcement of economic resilience and significant gains in technology stocks, combined with expected Federal Reserve rate cuts, indicates a healthy market sentiment and optimism, leading to a positive reaction.",85,78,80,0.0028,0.0028153153153152,Positive
1625,2024-12-18 19:01:00,Positive,"The market responds positively to the bullish outlook driven by expected Federal Reserve rate cuts and the overall confidence instilled by reduced borrowing costs, which aligns with past patterns.",83,75,82,0.0007,0.0008946914971172,Positive
1626,2024-12-18 19:02:00,Positive,"The affirmation of rate cuts combined with optimism about economic conditions leads to increased market enthusiasm, resulting in a positive reaction typical of such contexts.",84,76,79,0.00067,0.0012071535022355,Positive
1627,2024-12-18 19:03:00,Positive,"Given the overall optimistic economic outlook despite inflationary concerns, the market reacts positively due to the anticipated economic measures that align with investor expectations.",80,73,77,7E-05,0.001258653241032,Positive
1628,2024-12-18 19:04:00,Positive,"The positive outlook regarding interest rate cuts and economic growth leads to an optimistic market reaction, reflecting past trends during similar Federal Reserve announcements.",86,79,81,0.00066,0.0004636331245741,Positive
1629,2024-12-18 19:05:00,Positive,"The significant gains indicated across major indexes following Federal Reserve updates reinforce positive market sentiment and optimism, consistent with previous patterns identified.",85,77,80,0.0028,0.0017921146953405,Positive
1630,2024-12-18 19:06:00,Positive,Engagement in a bullish trend amidst strong financial signals leads to a pronounced positive market reaction. The context at press conference moments supports this growth as indicated in previous data.,82,74,78,0.00019,0.0014451587182937,Positive
1631,2024-12-18 19:07:00,Positive,"Growing technology stock valuations, coupled with Federal Reserve actions that lessen borrowing pressures, prompts a positive market response reflective of historical reactions to similar Fed communications.",83,72,78,0.0021,0.0013052008512901,Positive
1632,2024-12-18 19:08:00,Positive,"The announcement, supported by predictions of further economic expansion and strategic Federal Reserve action, leads to a positive market momentum consistent with expectations in similar contexts.",80,79,81,0.00029,0.001246820607451,Positive
1633,2024-12-18 19:09:00,Positive,"The positive economic outlook amid expectations of strategic interest rate cuts cultivates a favorable market reaction, encapsulating historical trends during such announcements.",78,75,74,7E-05,0.0011981030035775,Positive
1634,2024-12-18 19:10:00,Positive,"The market is likely reacting positively due to the Federal Reserve's anticipated rate cuts, which suggest a supportive monetary policy that encourages growth. Investor sentiment is boosted by the positive outlook on economic resilience and expectations of continued equity markets rally.",80,85,75,0.0014,0.0012152286461021,Positive
1635,2024-12-18 19:11:00,Negative,"Although there was growth, the negative sentiment arises from inflationary concerns that overshadowed the market. The markets are cautious about the potential implications of Trump's policies on inflation which could lead to less accommodative monetary policies.",80,85,75,-0.0007,0.0011154211130905,Positive
1636,2024-12-18 19:12:00,Positive,The optimistic outlook from the Fed following rate cuts and the AI economic growth narrative can create a positive market sentiment. Cuts in interest rates have historically led to increased borrowing and spending.,80,84,74,0.0011,0.000932183640177,Positive
1637,2024-12-18 19:13:00,Negative,Investor apprehension surrounding potential inflation caused by Trump's economic strategies is expected to mitigate gains. Concerns about how aggressive the Fed could be led to some risk aversion in the market.,79,84,73,-0.0007,0.0005158241538819,Positive
1638,2024-12-18 19:14:00,Negative,This minor negative movement can reflect uncertainty regarding the effectiveness of Fed policies amid inflation fears. Investors are likely reacting to ambiguity in monetary policy expectations.,78,83,73,-3E-05,0.0007655056497645,Positive
1639,2024-12-18 19:15:00,Positive,"Though inflation concerns loom, the promise of rate cuts should bolster market confidence, particularly in growth sectors. Markets typically react positively to signals of reduced borrowing costs.",78,82,71,0.0002,0.0011822692909715,Positive
1640,2024-12-18 19:16:00,Negative,"This reaction likely results from ongoing inflation fears that could stem from proposed Trump policies, overshadowing potential positives from Fed actions.",80,84,70,-0.0009,0.0005330579200747,Positive
1641,2024-12-18 19:17:00,Positive,Positive market sentiment driven by news of rate cuts and the growth revival in technology and energy sectors contributes to a bullish outlook despite some volatility.,78,83,72,0.0011,0.0003830970901277,Positive
1642,2024-12-18 19:18:00,Negative,"The market reacts negatively, as investor confidence might wane due to uncertainties on how Trump’s policies could exacerbate inflation and complicate monetary policy.",77,82,71,-0.0009,0.0008499008449014,Positive
1643,2024-12-18 19:19:00,Positive,A resurgence in confidence can be attributed to positive media sentiment surrounding interest rate cuts and potential economic growth in the technology sector.,77,82,70,0.0011,0.0006998600279943,Positive
1644,2024-12-18 19:20:00,Negative,"The market reflects caution due to persistent inflation concerns and potential policy conflicts with the incoming administration, leading to uncertainty about future rate cuts.",80,75,70,-9.21503824372E-05,0.0007660538236078,Positive
1645,2024-12-18 19:21:00,Negative,"Uncertainty regarding the Fed's policy direction amidst high inflation leads to a tempered market sentiment, as investors reassess future rate hike timelines.",82,77,72,-0.0003244972884241,0.0009155832265152,Positive
1646,2024-12-18 19:22:00,Negative,"Following the discussion of potential rate hikes and inflation, market participants react negatively, fearing aggressive monetary tightening amidst ongoing inflation risks.",81,85,80,-0.0006319541273163,0.000665358129013,Positive