Id,Combined_Prediction,Combined_Insight
1254,,
1255,Positive,"The mixed signals in the statement regarding inflation and job growth may lead to optimism about future rate cuts, prompting a slight uptick in market sentiment."
1256,Positive,"Market players may interpret the hint towards future rate cuts as a sign of easing economic policies, generating positive sentiments."
1257,Positive,"With the Fed indicating that they are aware of inflation risks yet maintaining a current accommodative stance, investors might feel reassured leading to a positive market reaction."
1258,Positive,"As the press conference progresses, further elaborations might provide confidence that rate cuts are on the horizon, resulting in a reinforced positive sentiment."
1259,,
1260,Positive,"The concluding remarks likely maintain a dovish tone about future policy adjustments, sparking renewed market enthusiasm and closer expectations for rate cuts."
1261,Positive,"Reassurances on economic stability combined with insights on inflation likely push markets outward, looking positively towards future monetary policies."
1262,Positive,"Market participants may feel encouraged by ongoing commitments to address inflation while assessing economic conditions, leading to a slight uptrend."
1263,Positive,"By the end of the conference, concrete insights into their policy roadmap with a focused commitment on managing inflation may promote positive market momentum."
1264,,
1265,Positive,Investors may become increasingly optimistic as confidence that economic policies will support growth in coming quarters is articulated by Fed officials.
1266,Positive,"As certain economic metrics stabilize and indicate growth, this positivity may resonate throughout the market leading to minor uplifts."
1267,Positive,The market may continue to reflect bullish sentiments as Fed commentary emphasizes a careful approach with continued vigilance on inflation.
1268,Positive,"If the post-conference analysis remains aligned with bullish non-inflationary statements, markets may respond positively, pushing upward expectations."
1269,Negative,"Concerns about inflation being elevated despite job growth led to market apprehension, causing a reaction as investors reassess their expectations."
1270,,
1271,Negative,The emphasis on caution regarding inflation risks led to market concerns about potential rate increases in the near future.
1272,,
1273,Negative,"Market reacts negatively to comments indicating inflation is still high and may require vigilance, leading to uncertainty."
1274,,
1275,,
1276,Negative,"Signs of continued inflation remain concerning, prompting a negative shift from investors."
1277,Negative,"Continued vigilance for inflation hints that the Fed might not cut rates soon, leading to market reassessment."
1278,,
1279,Negative,The caution regarding inflation risks leads to negative sentiment in the market as it raises fears of prolonged high rates.
1280,,
1281,Negative,"Continuous talks of inflation risks create a sense of uncertainty for investors, impacting market sentiment negatively."
1282,,
1283,,
1284,,
1285,,
1286,,
1287,,
1288,,
1289,,
1290,Negative,"The hints of a rate cut might not translate positively if inflation is still above target, leading to fears of economic instability as the Fed is likely to remain cautious."
1291,Negative,Similar concern regarding inflation suggests continued tight monetary policy could overshadow any positive sentiment regarding economic growth.
1292,,
1293,Positive,"The perceived commitment to inflation targeting while assessing risks satisfactorily may boost investor confidence, injecting a moderate bullish sentiment."
1294,,
1295,,
1296,,
1297,Positive,"Analyst expectations for cuts this year paired with careful inflation targeting suggests positive outlook, boosting investor confidence."
1298,,
1299,Negative,"The market reacted negatively as the Fed maintained its hawkish stance despite some easing in inflation, indicating a cautious approach to rate cuts. The continued high rates sent signals of potential economic strain."
1300,Negative,Investors were disappointed by the lack of clear signals towards imminent rate cuts despite a strong economy. The hawkish tone around inflation concerns weighed heavily on market sentiment.
1301,,
1302,Negative,"The Fed's confirmation of maintaining high rates amidst moderate growth and elevated inflation led to fears of an economic slowdown, prompting a negative market reaction."
1303,,
1304,Negative,"Inconsistent signals regarding inflation reduction and potential cuts led to uncertainty in the market, causing negative sentiment."
1305,Negative,The combination of maintained high rates and inflation concerns generated a strong negative reaction as investors prepared for prolonged economic pressure.
1306,,
1307,Negative,The expectation of prolonged high rates in light of prevailing inflation concerns led to a significant decline in market confidence.
1308,Negative,Investors' concerns about inflation combined with the Fed's continued high rate decisions led to a downward market trend.
1309,,
1310,Negative,The cautious message from the Fed about inflation management despite strong growth caused slight negativity among investors.
1311,Negative,The Fed's commitment to maintain high rates in the face of ongoing inflation pressures resulted in negative market reactions.
1312,,
1313,Negative,The ongoing inflation concerns coupled with no immediate plans for rate cuts resulted in a negative market sentiment.
1314,,
1315,,
1316,,
1317,Positive,"The Fed's assurance of maintaining a target around 2% inflation while suggesting readiness to reassess, created slight optimism among investors amidst inflation risks."
1318,,
1319,,
1320,,
1321,,
1322,Positive,"Sentiment was bolstered by the Fed's commitment to monitoring inflation while reinforcing its targets, causing slight positivity in market sentiment."
1323,,
1324,Positive,"The Fed's insistence on patience with inflation management and commitment to rates reassured investors, leading to a positive reaction."
1325,Negative,Heightened concerns about inflation exceeding Fed expectations prompted a negative reaction as market participants reacted to recent economic data.
1326,Negative,Negative sentiment emerged as investors digested higher inflation metrics with potential for fewer cuts on the horizon.
1327,Positive,"The Fed's cautious positivity about inflation management encourages some optimism, prompting slight market movement upward."
1328,,
1329,,
1330,,
1331,,
1332,,
1333,Positive,"Optimistic indicators like steady job growth and elevated inflation remain hints toward potential cuts in the future, which may prompt a positive sentiment as investors hope for easing in the coming months."
1334,Positive,"Signals of a moderating inflation environment combined with strong job gains create a favorable market outlook, benefitting growth and investor morale."
1335,Positive,"Confirmation of solid economic growth and the Fed's readiness to manage inflation led to an optimistic reaction in the market, with expectations of future policy easing."
1336,,
1337,,
1338,,
1339,,
1340,,
1341,,
1342,,
1343,,
1344,Negative,"Chair Powell's remarks about inflation risks being 'attentive' raised concerns that more aggressive action might be needed, causing anxiety among investors."
1345,Negative,"Indications that inflation might remain elevated longer than expected increased market uncertainty, leading to a slight pullback."
1346,Positive,"The acknowledgment of balanced risk and robust job gains reassured investors about economic stability, which supported market upswings."
1350,Negative,"Concerns about lack of progress towards inflation targets and increasing risks significantly shifted investor sentiment to a cautious stance. | Market rallied as Powell reinforced commitment to managing inflation effectively, balancing earlier fears from the statement."
1351,Positive,"Reassuring language about sustained employment gains and inflation management led to cautious optimism in markets. | Concerns about persistent inflation caused slight downturns, despite earlier optimism from the FOMC statement."
1359,Negative,"The commitment to higher interest rates and the reference to elevated inflation without progress towards the targets can create uncertainty among investors, leading to a negative market reaction. The market may react poorly to the lack of expected rate cuts, resulting in a decline in equity prices."
1360,Negative,"Similar to the previous prediction, the consistent messaging around sustained high rates amidst inflation concerns suggests a downward pressure on market sentiment, leading to an anticipated decline in stock prices."
1361,Negative,"The emphasis on maintaining the current policy amid persistent inflation, coupled with uncertainty regarding the economic outlook, is likely to unsettle the market, leading to a more pronounced negative reaction."
1362,Negative,"Continued commitment to high-interest rates in light of elevated inflation suggests that the Fed is not confident in quickly pivoting towards easing. This sustained tight monetary policy can cause investor anxiety, impacting market outlook negatively."
1363,Negative,"The message regarding inflation management without clear signals of impending rate cuts can create apprehension in the market, leading to a more significant negative impact on stock prices as fears of prolonged high rates surface."
1364,Negative,"The Fed's highlight on persistent inflation combined with no clear path to rate cuts indicates a cautious approach that may concern investors, resulting in a negative sentiment and slight downturn in market performance."
1365,Negative,"Acknowledgment of sticky inflation and the Fed’s resolve to maintain current rates creates a less favorable economic outlook, leading investors to react negatively as they anticipate continued financial pressure."
1366,Negative,The consistent theme of sustaining high-interest rates amidst inflation concerns is likely to negatively influence investor sentiment and contribute to market declines.
1367,Negative,"The Fed's stance on non-reduction of rates in the near term combined with talks of economic uncertainty can lead investors to fear a stagnated market scope, leading to negative reactions."
1368,Negative,Expectation management around rate cuts and inflation pushback puts pressure on market equities as investors digest the implications of a high-rate environment.
1369,Negative,"The Fed's indication of maintaining high rates alongside persistent inflation suggests systemic financial stability concerns, leading to negative sentiment amongst investors."
1370,Negative,"The sustained focus on inflation alongside the lack of movement on rates indicates a tightening scenario that may concern potential investors, prompting a negative market outlook."
1371,Negative,"The market may respond negatively to the Fed's emphasis on inflation not having moved towards the target alongside the decision to maintain rates at their current level, reflecting investor apprehension."
1372,Negative,The Fed's decision to maintain the target range amidst persistent inflation and inadequate progress toward its goals is likely to increase market negativity.
1373,Negative,The foreseen lack of progress toward inflation objectives combined with specific benchmarks being maintained can lead to a cooling investor sentiment that results in market declines.
1374,Negative,"During the press conference, Powell hinted that further cuts would depend on inflation trends which are currently concerning. This hawkish tilt led to negative market sentiment as investors recalibrated their expectations."
1375,Negative,"As details unfolded during Powell's press conference, the acknowledgment of persistent inflation risks shifted sentiment negatively. The market reacted to the potential delay in rate cuts."
1376,Negative,"The press conference revealed a more cautious outlook with Powell stressing the importance of inflation stabilization, resulting in a negative market response as it contradicted prior expectations of imminent cuts."
1377,Negative,"During the conference, Powell's remarks regarding inflation and economic uncertainty were perceived as more hawkish than anticipated, prompting a wave of negative sentiment in the markets."
1389,,
1390,Negative,"The statement's focus on continued high inflation and slow progress on cuts may lead investors to react negatively, anticipating higher rates for longer than expected."
1391,,
1392,Negative,"Investor reaction may be driven by unchanged rates amidst rising inflation concerns, leading to a negative sentiment as expectations of rate cuts diminish."
1393,Negative,"Persistently high inflation coupled with a cautious stance suggests prolonged high rates, prompting a negative market response as traders adjust expectations."
1394,,
1395,Positive,"A careful handling of inflation-related discussion could reassure investors, leading to a slight positive reaction as expectations for future easing return."
1396,,
1397,Negative,Increased hesitation regarding rate cuts may lead to a negative sentiment in markets as expectations shift back toward a more stringent monetary policy.
1398,Negative,"Considering the composition of the statements, the hint towards a lingering hawkish approach may induce a major negative market adjustment."
1399,Negative,"With a firm message against immediate rate reductions, investors may react negatively as hawkish sentiment prevails."
1400,,
1401,,
1402,Negative,Market reactions are likely to lean negative due to ongoing inflation concerns and doubts about future easing.
1403,Positive,"If Powell conveys a balanced view on inflation, the market could react positively as expectations for gradual easing resurface."
1404,Negative,The cautious note and inflation risk management mentioned could lead to a bearish market sentiment.
1405,Negative,"Although the statement is largely expected, the emphasis on cautious inflation management may hint at the possibility of a longer hold on rates than previously considered, causing some negative sentiment among investors who expected more decisive action."
1406,,
1407,Positive,"If the Fed projects upside risks to the economy and inflation stabilizing, it may instill confidence among investors, leading to a slight uptick in market activity post-announcement."
1408,,
1409,Negative,"The insistence on watching inflation before proceeding suggests a hold may last longer than previously thought, triggering restrained sentiments and small downturns as investors react to heightened caution."
1410,Negative,"A lack of surprises in the Fed statement about interest rates, combined with ongoing inflation concerns, leads to a slightly negative reaction as investors reconsider growth potential."
1411,,
1412,Negative,"The Fed's statement reflects that inflation risks are still uncertain, leading to negative sentiment as traders reevaluate potential rate cuts and their impacts."
1413,Negative,"While maintaining rates may stabilize immediate responses, overarching inflation concerns prevent a positive outlook, thus yielding a minor negative adjustment in market sentiment."
1414,,
1415,Positive,"Marking stability in rates with a cautious optimism on economic conditions can boost confidence among investors, resulting in a slight upward reaction."
1416,Negative,"The Fed's language indicating persistent inflation may lead investors to become wary and adjust their outlook negatively, triggering a larger response than usual."
1417,,
1418,Negative,"Any indication that the Fed may not cut as expected may raise concerns among investors, which could result in a slight downturn in market sentiment."
1419,,
1420,Negative,"Similar to the previous record, the Fed's emphasis on continued elevated inflation and slow progress towards its goals generated a negative reaction, increasing concerns about future rate hikes or sustained high rates."
1421,Negative,"The market interpreted the Fed's caution about inflation progress as a signal of potential restrictive monetary policy, leading to worries about growth, resulting in a mild negative shift."
1422,Negative,"Investors reacted to unfavorable signals regarding inflation control and future policies, indicating a market sentiment of caution towards the Fed’s strategy."
1423,Negative,"The negative market sentiment stemmed from the Fed's acknowledgment of persistent inflation and slow progress in reducing it, heightening fears about future economic implications."
1424,Negative,"Concerns about ongoing inflation despite strong job growth led to a negative market reaction, driven by uncertainty about monetary policy direction."
1425,Negative,"The perceived risk of the Fed failing to control inflation stoked worries among investors, eliciting a pronounced negative market reaction."
1426,Negative,"Investors were spooked by mixed signals regarding inflation and the Fed's cautious language about future monetary easing, resulting in a bearish sentiment."
1427,Negative,"The market replied with negativity to the Fed's concern with inflation, indicating its uncertainty about upcoming policy changes, which was perceived as unfavorable."
1428,Negative,"The recognition of inflation challenges led to a bearish response, as investors anticipated potential future limitations on growth prospects."
1429,Negative,"Investor sentiment turned negative in response to the Fed's acknowledgment of ongoing inflation issues, raising concern about the policy's predictability."
1430,Negative,"The failure to see significant progress towards the inflation goal heightened investor anxiety, resulting in a negative market reaction."
1431,Negative,"Concerns arose from the Fed's admission of inflation risks and less commitment to address them, prompting lower market confidence."
1432,Negative,"The uncertainty about future inflation trends resulted in a negative sentiment among investors, perceiving a lack of robust action from the Fed."
1433,Negative,"The Fed's warning regarding inflation risks without clear actionable measures unsettled investors, leading to a drop in market optimism."
1434,Negative,"The Fed's decision to maintain interest rates and a slower pace of securities holdings reduction, coupled with a lack of further progress towards the 2% inflation target, signals to the market that the economic outlook isn't improving as much as anticipated, leading to a negative market reaction."
1435,Negative,The Fed's decision to keep rates unchanged along with the focus on persistent inflation likely dampens market sentiment. The clear communication about inflation risks outweighs any positive market sentiment surrounding job growth.
1436,Negative,"The Federal Reserve's cautious stance on interest rates combined with the acknowledgment of ongoing inflation pressures suggests economic weakness is still present, prompting a negative reaction in the market."
1437,Negative,"Amidst an uncertain economic outlook and plans to maintain the current interest rate, the market reacts negatively as it sets expectations for prolonged high borrowing costs."
1438,Negative,"The lack of decisive action from the Fed regarding rate reductions and continual inflation concerns lead to negative market sentiment, reinforcing fears of stagnation."
1439,Negative,"The Fed's decision to hold rates steady and the ongoing inflation risks contribute to a perception of uncertainty, triggering a negative response from the market."
1440,Negative,The cautious tone and acknowledgment of persistent inflation from the Fed contribute to a market reaction that reflects a lack of confidence in immediate economic improvement.
1441,Negative,"The Fed's avoidance of any concrete measures towards rate cuts amidst ongoing inflation issues creates a sentiment of uncertainty, leading to a negative market reaction."
1442,Negative,"The Fed's focus on inflation maintenance alongside stagnant job growth indicates continued economic challenges, resulting in negative market effects."
1443,Negative,"The reiterated commitment to inflation targets and lack of decisiveness on interest rates creates uncertainty, leading to a negative market reaction."
1444,Negative,Continued inflation risk assessment and lack of confidence in economic improvements prompt the market to react negatively to the Fed's announcements.
1445,Negative,Caution from the Fed regarding inflation and interest rates positions the market to respond negatively as expectations diminish regarding imminent rate cuts.
1446,Negative,"The negative sentiment results from the Fed's lack of decisive action on rate cuts amidst ongoing inflation challenges, leading to market uncertainty."
1447,Negative,"The unease in the market stems from the Fed's view on inflation risks and continued high rates without concrete reduction plans, signaling economic pressure."
1448,Negative,Overall sentiment remains negative as the Fed maintains its stance without solid indicators of progress towards inflation reduction.
1449,,
1450,Positive,"Investors reacted positively to the clear signals from the Fed about upcoming potential rate cuts, possibly in September, and the overall economic recognition of improvement in inflation metrics. The expectation of an easing cycle contributes to an optimistic market sentiment."
1451,Positive,The explanation by Chair Powell regarding cautious optimism related to inflation and the potential timing for rate cuts caused market confidence to rise. Overall positive economic data supported further gains.
1452,,
1453,Negative,"Concerns regarding rising unemployment and insufficient progress on key inflation targets caused apprehension among investors, leading to a slight decline in market sentiment following Powell's cautious remarks."
1454,Positive,"The hints of a possible near-term rate cut, combined with the description of improved inflation metrics, reassured investors, prompting a positive market reaction."
1455,Positive,"The Fed's indication of less concern over inflation and greater focus on the job market boosted market confidence, leading to a positive market reaction."
1456,,
1457,Positive,The Fed’s acknowledgment of progress in reducing inflation contributed to a positive sentiment among investors expecting rate cuts.
1458,Negative,"Jerome Powell's emphasis on rising unemployment raised concerns, which startled markets and caused a negative reaction."
1459,,
1460,Positive,"Signals of readiness for potential rate cuts prompted market enthusiasm, leading to a favorable market response."
1461,,
1462,Positive,"The Fed’s signals of reduced inflation concern and the potential for rate cuts fostered confident investor sentiment, driving market optimism."
1463,Negative,"Comments about moderating job gains and potential risks in the labor market generated anxiety among investors, resulting in a negative market reaction."
1464,Positive,"The Fed's acknowledgment of greater progress in reducing inflation and the hint at potential rate cuts created optimism in the market, leading to a positive reaction."
1465,Positive,"Further progress towards the inflation target indicated a potential easing of monetary policy, increasing market confidence and leading to a positive price movement."
1466,Positive,"Hints of policies signaling economic resilience and a potential cut in rates projected a favorable market outlook, resulting in a minor upward movement."
1467,Positive,"Chair Powell's remarks regarding inflation easing contributed to a sense of reassurance in the market, encouraging price increases."
1468,Positive,Fed's discussion of the balanced risk to employment signals and favorable inflation provided support for a market uptick.
1469,Positive,"Clarifications around potential rate cuts led to increased market confidence, supporting a market rally."
1470,Positive,"Overall tone of preparedness for a cut, coupled with recent economic improvement, fostered a positive atmosphere in the market."
1471,Positive,"Consensus around likely rate cut pointed to a brighter economic outlook, solidifying positive investor sentiment."
1472,Positive,"Market positively reacted to the Fed's commitment towards policy adjustments based on the current economic context, indicating potential support."
1473,Positive,"Fed's strong indications toward rate cuts supported market optimism, leading to considerable positive movement."
1474,Positive,Responses illustrating Fed's focused and proactive inflation stance amidst rising unemployment fueled favorable market reactions.
1475,Positive,"Overall assessment of progress towards inflation goals and attention on employment reaffirmed market confidence, continuing the positive trend."
1476,Positive,"Fed's careful communication strategy around inflation and employment maintained investor trust, endowing market strength."
1477,Positive,Sustained investor optimism catalyzed by the Fed's long-term plans for interest rate cuts led to significant market gains following the meeting.
1478,Positive,"Continued focus on employment and inflation set stage for anticipation of favorable market policies in the future, invigorating market presence."
1479,Positive,"The Fed's comments indicated significant progress on inflation, with expectations that rates may be cut in September as inflation continues to cool, leading to a positive market sentiment."
1480,Positive,"Traders are optimistic about a potential cut in rates, buoyed by strong economic signals and job gains, which reflects positively in the markets."
1481,Positive,"The Fed's statement indicated a careful approach towards a potential rate cut, suggesting solid economic fundamentals which contribute to market optimism."
1482,Positive,"Market participants reacted positively to the Fed's hints about cutting rates if inflation trends favorably, which aligns with easing market concerns."
1483,Positive,The assurance from the Fed of managing inflation effectively while contemplating a rate friendly towards growth sparked investor confidence and market positivity.
1484,Positive,"The Fed's proactive stance on rate cuts amid easing inflation and moderating job growth resonated with investors, leading to bullish market reactions."
1485,Positive,The clarity in the Fed's remarks regarding future monetary policy adjustments in light of inflation control led to increased market assurance.
1486,Positive,"The Fed's focus on balanced risks in inflation and employment, and hints towards a potential September rate cut, encouraged a favorable market reaction."
1487,Positive,"Investors interpreted the Fed's signals about lowering rates in response to improving inflation data positively, which fostered market growth."
1488,Positive,"The Fed's inclination towards a rate cut supported market buoyancy, especially amid consistent inflation drops and enhanced economic conditions."
1489,Positive,"Given the Fed's shift towards potential cuts in light of stable inflation, markets responded favorably to the prospect of reduced financial tightening."
1490,Positive,The anticipation of a possible rate cut in the upcoming meeting coupled with the acknowledgment of moderate job growth positively influenced market sentiment.
1491,Positive,The Fed's moderation of language around inflation and emphasis on employment concerns led to an optimistic outlook from the markets.
1492,Positive,The indications from the Fed about potential rate cuts and improvements in inflation metrics fostered investor confidence and positive market movements.
1494,Positive,"The Fed's announcement of progress toward its inflation target, along with a signal for potential rate cuts, likely boosts market confidence and suggests a more favorable economic environment, which tends to positively affect stocks."
1495,Positive,"The Fed's statement indicating a significant reduction in inflation expectations combined with hints towards an impending rate cut suggests an easing monetary policy, which is usually welcomed by equity markets."
1496,Positive,"With the Fed signaling greater confidence in achieving its inflation targets and contemplating a rate cut, markets are likely to respond positively as it lowers borrowing costs and encourages spending."
1497,Positive,"Chair Powell's assurance of progress on inflation while keeping a close watch on labor market conditions conveys a balanced approach that ideally supports consumer confidence and investment, likely positively impacting the markets."
1498,Positive,"The clear indication that the Fed is attentive to both inflation and employment signals to investors that the central bank is flexible and responsive, boosting market sentiment and leading to positive price movements."
1499,Positive,"The Fed's commitment to a 2% inflation target along with market expectations for rate cuts creates a favorable outlook for consumer and business confidence, prompting positive market movements as investors anticipate lower costs of borrowing."
1500,Positive,"With the Fed's forecast indicating a rate cut will facilitate a stronger economy while managing inflation suggests stability and potential growth, which typically leads to positive market reactions."
1501,Positive,"The positive spin on inflation trends coupled with the Fed's assurance of labor market monitoring paints a picture of economic management that encourages investor confidence, which positively drives market reaction."
1502,Positive,"The clear communication about inflation confidence and labor market strength conveys that the Fed is on track, stirring investor belief in economic resilience and likely resulting in a market rise."
1503,Positive,"The ongoing discussion of moderate inflation rates paired with a responsive Fed significantly reassures investors, further enhancing positive sentiment in the stock market."
1504,Positive,"The Fed's recent adjustments and their outlook suggest a cautiously optimistic trajectory for the economy, leading the market to respond with increased confidence in upcoming growth."
1505,Positive,"With Powell's communication effectively conveying confidence in reducing inflation while ensuring the labor market remains stable signals a balanced approach, fostering a positive market response."
1506,Positive,The Fed's confident assertions about controlling inflation and supporting the labor market are likely to resonate positively in the markets as investors feel more secure in their economic outlook.
1507,Positive,The indication that the Fed is reducing rates while balancing inflation and employment shows a proactive approach that can create positive momentum in the market.
1508,Positive,"Powell's insights on inflationary progress combined with labor market attentiveness draw a positive reception from markets, reinforcing a favorable environment for investment."
1509,Positive,"The markets responded positively to the half-point rate cut, as it reassured investors of the Fed's commitment to support the economy amid growing concerns over inflation. There was also strong market anticipation for this cut, which seemed to align with broader economic forecasts that emphasized a focus on stabilizing the labor market."
1510,Positive,The confirmation of a 50 basis point cut surpassed market expectations and indicated the Fed's readiness to combat inflation while also addressing labor market concerns. The positive sentiment arose from the perception of stronger economic control through aggressive monetary policy.
1511,Positive,"The announcement of a significant cut demonstrated the Fed's proactive measures in managing inflation and supporting labor market stability. This was received favorably in the markets, indicating confidence in the economic outlook."
1512,Positive,"The stronger-than-expected rate cut acted as a signal of the Fed's commitment to sustaining economic growth, prompting a favorable market reaction amidst rising inflation concerns. Investors interpreted this as a balancing act aimed at maintaining vitality in the labor market."
1513,Positive,"The Fed's decisive action in cutting rates was perceived as a strong measure to stabilize the economy, leading to an optimistic market reaction. It aligns with the expressed confidence in curbing rising inflation while ensuring that employment levels remain healthy."
1514,Positive,"The half-point cut not only met but exceeded market anticipations, indicating aggressive monetary easing; this reassured investors about both inflation control and job market stability, reinforcing positive sentiment in the market."
1515,Positive,"The significant rate cut coupled with assurances from Fed officials bolstered confidence among market participants, fostering a positive market response. The market saw this as a solid commitment to manage inflation effectively."
1516,Positive,"The reduction of interest rates indicated a clear and robust strategy by the Fed to tackle economic slow-downs and inflation, leading to a positive reaction as investors felt reassured about economic growth."
1517,Positive,"The Fed's strong signal to cut rates significantly helped assure markets of its intent to stabilize the economy, especially given the past stresses from inflation, enhancing investor confidence."
1518,Positive,"Investors reacted positively to the larger-than-expected rate cut, viewing it as the Fed taking decisive action to manage inflation and support the job market, crucial for maintaining economic stability."
1519,Positive,"The strong market response was due to the Fed's commitment shown through the substantial rate cut, which aligned with the market's expectations for inflation management and economic support."
1520,Positive,"The decision to cut rates not only indicated confidence in controlling inflation but also showcased a strong effort to maintain and enhance employment levels, prompting a favorable market outlook."
1521,Positive,"The decisive cut was seen as a robust move that reassured markets about the Fed's strategies against inflation while supporting continued job growth, leading to a positive market environment."
1522,Positive,"The substantial cut and forward-looking statements from the Fed indicated strong confidence in managing economic variables such as inflation, indicating a nurturing approach toward the labor market, which stimulated a positive market reaction."
1523,Positive,The strong market response stemmed from the Fed's clear commitment to stimulate the economy through significant rate cuts aimed at stabilizing inflation while ensuring confidence in job security.
1524,Positive,"Markets responded favorably to the Fed's actions, interpreting the substantial interest rate cut as a clear commitment to revitalizing the labor market while addressing inflation concerns effectively."
1525,,
1526,Positive,The market reacted positively as Powell highlighted confidence in moving inflation towards the target which reassured investors regarding economic resilience despite rate cuts.
1527,Negative,Investors grew concerned during the Q&A as Powell acknowledged pressures in the job market which created jitters about potential economic slowdown.
1528,Positive,Market responded positively as the commitment to further rate cuts indicated a supportive stance towards economic growth and recovery amid cooling inflation.
1529,,
1530,Positive,"The market reacted positively upon analysis of the FOMC statement which indicated strong confidence in inflation trends, signaling a focused strategy to maintain economic stability."
1531,Positive,"As speculations embraced the idea of a sustained rate cut strategy, the market typically responded favorably enhancing bullish sentiment on equities."
1532,Negative,"The Q&A raised concerns as Powell highlighted the risks of cooling economic conditions raising red flags on market stability, leading to a downturn."
1533,Positive,"After the announcement and details provided, the clarity reassured investors leading to a favorable market outlook amid anticipated easing of financial conditions."
1534,Positive,Powell’s final remarks indicated better outlook on employment and inflation balance positively swayed market perception leading to stronger performance.
1535,,
1536,Negative,Overall response turned negative as Powell's emphasis on downside risks in the job market raised concerns of imminent economic pressure.
1537,Positive,Market initially responded sharply positive on rate cuts as ease in monetary policy increased liquidity flowing into the markets.
1538,Positive,"The clarity in Powell's statements regarding inflation trends reassured markets, offsetting initial cut concerns and fostering a positive outlook."
1539,Positive,The market reacted positively due to the first interest rate cut in years and an overall sign of confidence in inflation moving towards the target. Investors were reassured by Powell's comments about the economy's strength and the balance between supporting labor markets and managing inflation.
1540,Positive,"Market confidence increased with the Fed's announcement of rate cuts, indicating a timely response to inflation. Powell’s emphasis on maintaining a healthy labor market reassured investors, bolstering optimism."
1541,Positive,"The Fed's decision to cut interest rates was well received, marked by Powell's critical insights on enhancing labor market conditions. This perception of proactive monetary policy boosted market confidence."
1542,Positive,"The announcement of the rate cut, paired with Powell's forecast for sustained economic growth, led to a positive market reaction. There was a strong signal of commitment to economic stability."
1543,Positive,"The Fed's clearer stance on achieving an inflation target coupled with oncoming rate cuts generated a boost in market sentiment, showcasing confidence in the central bank's policies."
1544,,
1545,Positive,"The significant cut in rates indicated the Fed's readiness to support the economy, fostering a positive market environment among investors looking for growth potential."
1546,,
1547,Positive,The cut indicated the Fed's concern for the labor market amid stabilizing inflation. The market reacted positively to the Fed’s approach to balance both aspects effectively.
1548,Positive,"The vigorous emphasis on rate reductions and inflation nearing the target lifted market spirits, along with Powell's assurances of a solid economy moving forward."
1549,Positive,"The overall sentiment shifted positively as the Fed signaled rate cuts would continue, enhancing confidence in economic management amidst political dynamics."
1550,Positive,"The robust cut in rates suggested aggressive action towards economic stability and boosted overall market sentiments, aligning with investor expectations."
1551,Positive,"Confidence in the Fed's approach to reducing rates while managing unemployment resulted in a favorable market reaction, indicating investor approval."
1552,Positive,The market responded positively to the announcement of rates being cut and the managed expectations around future monetary policy given the economic landscape.
1553,Positive,"The proactive decision to cut rates suggested that the Fed was factoring in both inflation and employment concerns, leading to a positive response from the market."
1554,Negative,"The announcement of a rate cut was expected but concerns about inflation returning due to new policies under a Trump administration cast a shadow on market confidence, resulting in a negative reaction. | During Powell's comments, uncertainty around Trump’s fiscal policies and their potential inflationary effects raised fears in the market, leading to further downward pressure on stock prices."
1555,Negative,"While a rate cut was anticipated, the market reacted negatively due to fears surrounding potential inflation risks from Trump's policies after his re-election. | Powell’s commentary on uncertainties and the potential complexity of future policy decisions exacerbated market fears, leading to a further drop in markets."
1556,Negative,"Investors were expecting the rate cut, but concerns about the lasting impact of Trump's policies on inflation caused the market to react negatively at the announcement. | Powell's cautious remarks on inflation management and the job market left market participants uneasy, leading to a heightened sell-off."
1557,Negative,"The expected rate cut seemed muted in its impact due to apprehensions concerning Trump's potential economic policy shifts, leading to minor market declines. | As Powell spoke about the nuanced economic landscape post-election, concerns about inflation risks emerged again, driving further sell-offs."
1558,Negative,"The announcement of a rate cut did not inspire confidence due to fears of inflation returning in light of expected regulatory changes from the new administration. | Powell's remarks regarding economic uncertainties heightened investor concern about future inflation trajectory showed the market's vulnerability, leading to a further dip."
1559,Negative,"The anticipated rate cut was overshadowed by concerns regarding inflation under new policies proposed by Trump, bringing about a negative market sentiment. | Increased worries expressed by Powell about future inflation risks led to intensified market selling pressure, compounding investor anxiety."
1560,Negative,Concerns about inflation and potential fiscal impacts of Trump’s re-election dampened market reactions despite the expected cut. | Powell's statements signaling economic uncertainty and rising inflation fears prompted further market sell-offs.
1561,Negative,"The expected rate cut was perceived as insufficient to counteract potential inflationary pressures from Trump's policies, leading to a subdued market reaction. | As Powell’s commentary leaned towards caution regarding future inflation, this heightened market volatility, increasing the downward trend."
1562,Negative,"While the cut was expected, questions around inflation concerns tied to Trump’s fiscal policies decreased market confidence. | As Powell expressed uncertainty about future inflation management, this exacerbated market fears and led to further declines."
1563,Negative,Market participants remained cautious in face of the rate cut announcement given ongoing concerns about inflation under new policies. | Further remarks from Powell that emphasized hesitation on inflation control led to a decisive drop in market confidence.
1564,Negative,"Investors viewed the rate cut announcement as insufficient to address future inflation risks stemming from Trump's proposed polices. | Powell’s comments light on guarantees for inflation control deepened investor unrest, prompting further market declines."
1565,Negative,The anticipated rate cut was overshadowed by investor uncertainty about Trump's upcoming policies impacting inflation. | Comments made by Powell around economic adjustments post-election steered the market towards further declines.
1566,Negative,The market responded negatively despite the rate cut announcement due to underlying fears about inflation and fiscal policy changes under Trump. | Uncertainty in Powell’s remarks regarding inflation management led to heightened market decline during this period.
1567,Negative,"With economic expectations shifting towards uncertainty, the rate cut was seen as potentially inadequate in the current climate, resulting in market malaise. | The atmosphere of investor uncertainty due to Powell's cautious commentary around inflation management deepened market declines."
1568,Negative,"Although a rate cut was expected, concerns regarding the potential inflationary impact of Trump’s policies affected market confidence negatively. | As Powell talked about uncertainties in inflation projections in light of new policies, the tension heightened, and further sell-offs ensued."
1569,Negative,"The rate cut was anticipated, and concerns about inflation due to policy changes from Trump reduced market confidence, leading to declines. | Further comments from Powell emphasizing caution around inflation risks deepened market hesitancies."
1570,Negative,"The market declined as investors digested the Fed's caution about future rate cuts amid potential inflationary pressure from Trump's administration, leading to uncertainty."
1571,Negative,"Market reaction was negative due to fears of increased inflation and rate cut uncertainty as Trump's policies could lead to higher rates, causing investors to reassess their positions."
1572,Negative,"The negative reaction stemmed from heightened concerns about Trump’s economic policies influencing inflation, alongside a cautious Fed stance on rate cuts."
1573,Negative,Market sentiment soured in light of potential inflationary impacts from Trump's presidency and uncertainty about forthcoming rate cuts leading to selling pressure.
1574,Negative,"The market reacted negatively after reassessing the implications of Trump’s return to presidency on inflation and monetary policy, resulting in cautious trading behavior."
1575,Negative,"Concerns about higher inflation due to Trump’s policies made investors worry about future monetary policy decisions, leading to a drop in trading values."
1576,Negative,Market reactions turned negative as uncertainty around Trump's policies and their inflationary effect weighed on investor sentiment.
1577,Negative,The market declined due to the uncertainty surrounding Trump's policies potentially leading to inflationary pressures and diverging from Fed expectations.
1578,Negative,Investor concerns over Trump’s economic policy dynamics and potential inflation created a negative outlook in the market response.
1579,Negative,The market reflected negative sentiment as skepticism regarding the impact of Trump's policies on inflation added uncertainty to Fed decisions.
1580,Negative,"Uncertainty related to Trump's election potential inflationary effects dominated market sentiment, contributing to a decrease in asset prices."
1581,Negative,Market uncertainty fueled by concerns over inflationary pressures from Trump's proposed economic policies led to a significant downturn.
1582,Negative,Investors reacted negatively as they processed the broader economic implications of Trump's policies amidst existing inflation concerns.
1583,Negative,The market's reaction reflected fears about the possible economic regressions stemming from Trump's expansive fiscal policies post-election.
1584,Negative,The market is likely to react negatively due to uncertainties stemming from Trump's election and potential policy shifts anticipated to influence inflation. The hints at a rate cut may not suffice to offset concerns about Trump’s proposals which could reignite inflationary pressures.
1585,Negative,"The market response might be negative as it weighs the implications of Trump's policies on inflation, leading to uncertainty in interest rate trajectories despite the expected rate cut."
1586,Negative,"Market reaction leans towards negative due to investor concerns regarding Trump’s planned economic policies that may exacerbate inflation, offsetting any positive sentiment from the anticipated rate cut."
1587,Negative,"An expected rate cut is overshadowed by uncertainty over Trump’s influence on inflation, leading to a cautious market stance and negative reaction."
1588,Negative,"While there may be hopes for the rate cut, concerns about Trump's economic strategies causing potential inflation push the market reaction towards negative."
1589,Negative,"The uncertainties around Trump's policies create more hesitation than confidence in investors, leading to a negative market response despite the anticipated rate cut."
1590,Negative,The anticipation of Trump's policies causing potential inflation leads to a negative market reaction as it overshadows the expected benefits from a rate reduction.
1591,Negative,The market is likely to react negatively as Trump's policies raise concerns about inflation that counteract any positive expectations from the rate cut.
1592,Negative,"Despite the anticipated rate cut, the market is reacting negatively based on concerns regarding Trump's policies that could exacerbate inflation."
1593,Negative,"A significant rate cut expectation is overshadowed by rising inflation concerns stemming from Trump's policies, leading to a negative market reaction."
1594,Negative,"The uncertainty surrounding both Trump’s policies and the Fed's future rate cuts creates hesitation in the market, resulting in a negative reaction."
1595,Negative,"Concerns regarding Trump's inflationary policies prevail over the anticipated effects of rate cuts, thus leading to a negative market reaction."
1596,Negative,"Anticipated challenges regarding Trump's possible inflationary pressures lead to a cautious and negative response from the market, despite the expected rate cut."
1597,Negative,"While the market expected positive outcomes from interest rate cuts, uncertainties about Trump’s economic policies that may spike inflation contribute to a negative market outlook."
1598,Negative,"The potential for inflation following Trump’s policies diminishes the likely positive effects of the rate cut, contributing to a negative sentiment in the market."
1599,Positive,The announcement of economic resilience supported by the Fed's rate cuts likely leads to immediate market optimism as traders perceive a favorable economic outlook alongside the bullish sentiment from the AI revolution and Trump's presidential win.
1600,Positive,"The Fed's commitment to rate cuts reflects a positive sentiment in the market, increasing equities and crypto stock performances that suggest overall economic stability."
1601,Positive,"Market confidence surges after the Fed's announcement of rate cuts, fostering growth in equities and small-cap stocks favored by Trump's win, resulting in positive market movement."
1602,Positive,"Lower interest rates and a confident economic outlook contribute to increased investment in stocks, particularly tech and energy sectors, driving positive market responses."
1603,Positive,"Interest rate cuts form a backdrop of optimism that enables stocks to reach new highs, propelled by further endorsements from economic performance indicators."
1604,Positive,"The Fed's effective communication of rate cuts sets a bullish tone in the markets, enabling asset classes like technology to perform well amidst lowered borrowing costs."
1605,Positive,"Market participants react positively to an expanding economy bolstered by rate cuts, encouraging continued investment in growth sectors, and projecting strong economic signal."
1606,Positive,"The bullish trend in equities and the AI revolution provides a supportive backdrop for market resilience, driving investor confidence post-announcement."
1607,Positive,"With economic recovery bolstered by the Fed’s actions, the market sees robust performance across major indices led by technology and small-cap stocks."
1608,Positive,The market's rise reflects optimism due to market responses to rate cuts and positive sentiment following Trump’s policies aimed at economic growth.
1609,Positive,"After the announcement, market confidence surges, emphasizing the favorable economic indicators buoyed by rate cuts and Trump's winning presidency."
1610,Positive,"The favorable economic conditions presented by the Fed, with the AI boom and technology stocks surging, create a well-supported market environment, leading to optimistic investor actions."
1611,Positive,Market sentiment strengthens given the dual impact of the Fed's dovish approach and evolved technological sectors performing robustly.
1612,Positive,Investors respond enthusiastically to the Fed's supportive announcements on economic growth while crediting developments in technology and energy sectors.
1613,Positive,"The combination of favorable inflation prospects and pro-growth policies contributes to an upbeat market atmosphere, inviting investor confidence."
1614,Positive,"The market is reacting positively to the anticipated rate cuts and economic resilience highlighted in both the press conference statement and the news releases, which provide a cohesive narrative supporting growth."
1615,Positive,"Continued optimism about the Fed's approach and potential economic growth under Trump's policies correlates with the market's positive sentiment, leading to a modest increase in indexes."
1616,Positive,"The press conference generated excitement around the Fed's strategy for future rate hikes combined with a strong economic outlook, prompting an uptick in stocks."
1617,,
1618,Negative,"Emerging concerns about the sustainability of rate cuts and inflation risk led to a pullback from earlier gains, with investors taking profits amidst uncertainties."
1619,Negative,"As the press conference progressed, the market reacted negatively to any suggestions of inflation triggering rate hikes sooner than expected, clarifying investor jitters."
1620,Negative,Overall market sentiment waned as details around policy shifts towards inflation management created fears of potential economic disruptions.
1621,,
1622,Negative,"Lingering concerns regarding persistent inflation weighed heavily in the final trading hours, prompting a market decline as fears grew of an overly aggressive Fed response."
1623,Negative,"Just after the close, uncertainty from the Fed's comments about inflation expectations and potential rate adjustments led to a sustained decline."
1624,Negative,"Further clarifications and mixed signals from the press conference about future economic policy kept the market on its downward trend, producing a negative closing."
1625,Negative,"As traders absorbed the final comments and forward guidance, panic over high inflation and policy responses led to substantial market corrections."
1626,Negative,The culmination of inflation fears and anticipated policy changes led to a significant market pullback as the day came to a close.
1627,,
1628,,
1629,Positive,"The statement reveals economic resilience bolstered by Federal Reserve rate cuts, which instills confidence in investors. Tech and energy stocks are expected to rise significantly after the announcement, leading to a bullish market reaction. | Powell's responses about maintaining low rates and managing inflation reassure investors, leading to further gains. Positive sentiment towards AI-driven stocks also contributes to market upswing."
1644,Positive,The announcement of interest rate cuts and the strong performance of technology and energy stocks indicate investor optimism and confidence in future economic growth.
1645,Positive,Bullish sentiment from lower borrowing costs and positive economic resilience drives the market reaction upwards.
1646,Positive,"The market responds positively to the anticipated economic reforms under Trump, combined with Fed rate cuts, improving investor sentiment."
