Id,Combined_Prediction,Combined_Insight,Similarity 1,Similarity 2,Similarity 3,Price Change
1269,Negative,"The Fed maintained the target rate and stressed their commitment to keeping inflation around 2%, which signaled to the market that they are not yet ready to ease monetary policy. This may lead to a sell-off as investors interpret this as a sign of prolonged high rates.",78,80,75,-0.0615
1270,Negative,"The Fed's decision to hold rates steady, despite hints at future cuts, left the market a bit cautious. The mixed signals regarding inflation and growth predictions contributed to uncertainty, prompting a slight decline in the market.",74,79,71,-0.0205
1271,Negative,"The Fed indicated it was not confident enough to lower rates yet, despite some signs of easing inflation. This cautious tone likely caused some market jitters, leading to a decline as investors crave more aggressive action.",80,82,79,-0.0379
1272,Positive,"Despite rates being held steady, the Fed signaled a willingness to consider rate cuts in the future. This optimism about future monetary easing provided a slight boost to market sentiments, leading to a positive reaction.",81,84,76,0.0004
1273,Negative,"Investors reacted negatively to the Fed's cautious stance about inflation and interest rates, interpreting it as a signal that the Fed is likely to maintain a tight policy for an extended period, which caused a market pullback.",79,80,72,-0.0021
1274,Negative,The consistency in holding the interest rates while signaling the tentative nature of future cuts likely resulted in uncertainty. The market responded negatively to the lack of aggressive action on rate cuts.,75,78,70,-0.0004
1275,,,,,,
1276,Negative,Conflicting signals regarding inflation and rate cuts led to a cautious market response. The lack of commitment to aggressive rate cuts prompted a slight sell-off.,76,79,73,-0.0003
1277,,,,,,
1278,Negative,"The market responded negatively due to cautious Fed language surrounding rate cuts and inflation, causing uncertainty in market projections and leading to a slight downturn.",80,82,77,-0.0002
1279,Negative,"Despite maintaining rates, the Fed's cautious outlook and indecisive comments on future cuts caused concern among investors, leading to a slight negative market reaction.",75,73,76,-0.0003
1280,Negative,"The continued uncertainty surrounding the Fed's next steps led to a marginally negative response from the market, reflecting investor caution after the announcement.",77,74,72,-0.0001
1281,,,,,,
1282,Negative,"The cautious Fed commentary led to disappointment among market participants looking for bolder action and clarification, eliciting a negative reaction.",76,78,80,-0.0004
1283,,,,,,
1284,Negative,"Initial reactions are typically influenced by the Fed's decision to hold rates steady at high levels. Powell's hints about future rate cuts may create uncertainty, leading to a negative sentiment.",85,90,87,-0.0020510248699306
1285,Negative,"Similar to the previous record, the decision to hold interest rates would be interpreted negatively due to ongoing inflation fears and uncertainty about future cuts. | As details emerge about future rate cuts, investors may react positively due to expected macroeconomic stability, resulting in a rise.",84 84,88 88,85 85,-0.0020510248699306 0.0005
1286,Negative,Continued market sensitivity to inflation pressures and rate decisions would lead to a negative opening reaction. | The market could rally slightly due to positive affirmations on anticipated economic growth post-inflation declines.,84 84,88 88,85 85,-0.001398212581533 0.0006
1287,Negative,"A negative sentiment is expected due to signals of restrained monetary policy amidst inflation concerns, influencing market reactions. | As Powell reassures on the inflation target strategy, investor confidence could lead to a slight uptick in market performance.",84 84,88 88,85 85,-0.001398212581533 0.0005
1288,Negative,The market's initial response is likely to reflect concerns about inflation and firm rates leading to uncertainty. | Positive affirmations from Powell regarding the monetary policy could contribute to a renewed investor interest.,84 84,88 88,85 85,-0.0016235356841672 0.0006
1290,Negative,Negative sentiment arises as markets react to maintained high rates in conjunction with inflation concerns. | Expectations for eventual rate cuts may lead to a positive shift in market reactions as confidence builds.,84 84,88 88,85 85,-0.0003801536062639 0.0006
1299,,,,,,
1300,Negative,Concerns about high inflation coupled with reiterations of maintaining current rates led to market skepticism and a bearish reaction as investors feared continued elevated rates without cuts.,90,92,89,-0.966
1301,Negative,"The commentary suggested a tightening monetary stance amid persistent inflation, leading to a sell-off as it hinted less likely rate cuts in the near term.",88,91,86,-0.000966
1302,Negative,"General caution regarding inflation stances amidst a strong economy likely spurred negative sentiment in the market, as traders anticipated no immediate rate cuts.",85,89,88,-0.00052
1303,,,,,,
1304,Negative,"Investors interpreted the Fed’s reticence to lower rates, despite a healthy economy, as a signal that inflation control would take precedence over potential economic growth, prompting a sell-off.",88,92,89,-0.00085
1305,Negative,The Fed's focus on cooling inflation rates led to negative market sentiment as traders reassessed their positions against a backdrop of unchanging rates.,86,90,87,-0.000561
1306,Negative,"Despite a solid labor market, sluggish inflation controls indicated by the Fed led to cautiousness in the market, resulting in a negative reaction. Investors read the message as prioritizing inflation control over growth.",84,89,85,-0.000241
1307,Negative,"The focus on persistent inflation overshadowing the growth narrative disappointed investors, resulting in a bearish sentiment as they anticipated complications in upcoming monetary policy adjustments.",83,88,84,-0.000956
1308,Negative,Market reactions were negative as investors reacted to the Fed's emphasis on inflation risks leading to expectations of prolonged high rates rather than cuts.,87,89,86,-0.00085
1309,Negative,Continued caution around inflation coupled with strong labor market data led to bearish impulses as market participants interpreted signs of more sustained high rates.,88,86,85,-0.001057
1310,,,,,,
1311,Negative,The cautionary outlook on inflation led to negative sentiment as markets adjusted to potential tight monetary policy impacting growth.,85,87,82,-0.00052
1312,Negative,"Reiterated concerns regarding inflation underlined a bearish market reaction, with participants reacting negatively to expectations of sustained higher rates.",87,90,86,-0.00096
1313,Negative,Persistent inflationary pressures being a key concern for the Fed led to a negative market reaction due to fears over prolonged rate maintenance.,86,89,85,-0.001057
1314,Negative,"The market reacted negatively as the FOMC reiterated a cautious stance towards rate cuts, emphasizing inflation risks despite a recent solid pace of economic activity. Concerns about elevated inflation led investors to reevaluate their expectations for future monetary easing.",80,85,78,-0.0019329624042351
1315,Negative,"Similarly, the slight reduction in expected rate cuts from three to two by some policymakers indicated to investors that the Fed remains vigilant about inflation, leading to lingering concerns about interest rates remaining higher for a longer time.",82,87,79,-0.0002718461692526
1316,Negative,"The market reacted negatively after Powell’s comments indicating that inflation pressures are persistent, leading to fears that rate cuts might be postponed further. This uncertainty influenced negative sentiment among investors.",79,84,76,-0.0016212322967211
1317,Negative,"Investors reacted negatively to the Fed's cautious stance, particularly regarding persistent inflation and concerns over economic slowdown potential, which diminished hopes for imminent rate cuts.",75,80,77,-0.0007704758022514
1318,Negative,"Market disappointment arose from the Fed's durable preferences for a reserved approach amidst inflation concerns, suggesting that rate adjustments might be slower than previously anticipated.",81,86,78,-0.0004630669921186
1319,Negative,"The prevailing sentiment was affected by the central bank's inclination towards a wait-and-see approach, which heightened negative investor sentiment as they anticipated slower rate cuts.",82,85,80,-0.0006354556788881
1320,Negative,"The sentiment was bearish as the FOMC maintained its cautious outlook on inflation, and the realization of a potential lag in rate cuts frustrated market optimism.",79,83,75,0.0005631820453918
1321,Negative,"Markets showed negative reactions due to Powell’s reiteration on the challenges of inflation adjustments, leading to reevaluation affecting interest expectations.",82,84,80,-0.0017428702890868
1322,Negative,"The final remarks reflecting caution about inflation and the pace of rate cuts led to skepticism among traders, prompting a negative reaction.",85,90,82,-0.0001303403887159
1323,Negative,"As inflation forecasts were shaped with an unassured timeline on rate cuts, the market remained bearish as fears over economic recovery hindered optimism.",80,85,79,-0.0016212322967211
1324,Negative,"The Fed's projections met with higher-than-expected inflation rates contributed to a generally unfavorable market outlook, leading to a downward reaction.",76,81,78,-0.0004630669921186
1329,Negative,"The initial release highlighted elevated inflation despite solid economic growth, leading to concerns about the Fed's future rate cuts and market stability. | Concerns about the timing of rate cuts and lingering inflation dominated the discussions, causing further hesitance in investor sentiment.",95 95,90 90,92 92,-0.0015 -0.0015
1330,Negative,"The statement indicated a firm stance on inflation with no immediate cuts, unsettling investors who anticipated more aggressive policies. | As Powell reaffirmed the Fed's cautious approach to cuts, worries about the economy's reliance on prolonged high rates weighed on market confidence.",94 94,89 89,91 91,0.0013 0.0013
1331,Negative,The balanced tone regarding rate policy amidst inflation fears triggered market anxiety about the potential for erratic economic conditions. | Concerns over inflation persistence led to weaker responses in equity markets as investors reconsidered projections for economic stability.,92 92,88 88,90 90,-0.0006 -0.0006
1332,Negative,"The commentary on ongoing inflation risks without definitive easing plans created uncertainty, impacting investor optimism negatively. | Continued emphasis on inflation and caution regarding cuts, alongside a potential delay in meeting targets, provoked further downturns.",93 93,89 89,91 91,-0.0007 -0.0007
1333,Negative,"Expectations for future rate cuts waned as the Fed maintained a firm stance on inflation containment, alarming investors. | Powell's reassurances could not fully mitigate concerns about inflation forecasts not aligning with market expectations, stunting recovery in shares.",91 91,87 87,88 88,-0.0004 -0.0004
1340,Negative,"Uncertainty in maintaining current rates amidst inflation concerns impacted market activity negatively, driving cautious investor sentiment. | Comments about 2024 interest rate planning created unease, as markets reacted to the potential delay in anticipated cuts.",90 90,86 86,87 87,-0.0009 -0.0009
1341,Negative,The overall notion of inflation persistence without clear easing measures led to a reticent market response. | Statements reinforcing the Fed's cautious outlook without preferred economic assurances contributed to market declines.,88 88,85 85,84 84,-0.0001 -0.0001
1342,Negative,"The simultaneous emphasis on inflation concerns and lack of immediate rate relief unsettled investor confidence. | As the chief didn't signal any changes to the current policy path, investor hesitation led to negative reactions.",87 87,85 85,84 84,-0.0003 -0.0003
1343,Negative,Steady emphasis on inflation issues without significant policy changes generated market jitters. | Continued messaging on inflation risks without clear easing led to muted sentiment among investors.,88 88,86 86,85 85,-0.0002 -0.0002
1344,,,,,,
1345,Negative,"Chair Powell's comments about the Fed's cautious stance on rate cuts, combined with unexpected inflation readings, intensified market fears of prolonged high rates, leading to a negative reaction.",85,88,90,-0.5
1346,Negative,"The confirmation of ongoing rate consistency without indications of imminent cuts led to a minor negative impact on market sentiment, as investors were expecting more dovish signals amidst high inflation.",84,87,89,-0.2
1347,,,,,,
1348,Negative,"The Fed's insistence on a cautious approach in the face of rising inflation and the delayed timeline for rate cuts sparked concerns among investors, resulting in a more pronounced negative market reaction.",84,86,88,-0.75
1349,Negative,"Hawkish sentiment surrounding inflation and a stable interest rate policy fed into fears of economic stagnation, leading to a notable negative market response.",83,85,87,-0.8
1350,Negative,"As Powell reinforced the Fed's position to hold interest rates steady against persistent inflation, concerns mounted over future economic impacts, driving markets downward.",82,84,86,-1.0
1351,,,,,,
1352,Negative,"The looming fears of continued high rates due to strong inflation data lead investors to perceive risks, thus resulting in a slightly negative market movement.",84,86,88,-0.6
1353,Negative,"With inflation surpassing expectations and Powell's commitment to a careful approach to rate cuts, market fears intensified regarding future economic pressures, leading to a negative outcome.",83,85,87,-1.1
1354,,,,,,
1355,Negative,"Persistent inflation data and a firm stance towards interest rates illuminated market worries about the Fed's reluctance to adjust policies, resulting in increased selling pressure.",82,83,85,-1.3
1356,Negative,"The possibility of continued high inflation and steady rates led to investor apprehension, culminating in a negative market reaction.",82,84,86,-1.2
1357,Negative,"With inflation measures not showing improvement and hints at potential rate cuts being pushed back, market responses leaned negatively due to uncertainty.",81,85,87,-1.5
1358,Negative,"The indication of inflation nearing target without significant policy changes created sentiment of hesitance in the markets, resulting in a downward trend.",80,83,88,-1.4
1359,Negative,"The Fed's decision to maintain interest rates suggests a lack of confidence in controlling inflation, which typically leads to negative market sentiment. The explicit mention of 'elevated inflation' coupled with a steady rate indicates potential future tightening, causing investors to sell off stocks.",70,75,60,-0.1
1360,Negative,"Chair Powell's tone on keeping rates steady amidst rising inflation suggests a hawkish stance. When pressed on inflation and rate cuts, if the message leans towards caution, markets are likely to react negatively as investors brace for tighter conditions.",68,73,58,-0.15
1361,Negative,"The ongoing concern about inflation and no imminent cuts will likely dampen market enthusiasm, leading to a sell-off. Specifically, Powell's indication of needing persuasive evidence for rate cuts indicates a longer wait, which frustrates short-term investors.",72,78,55,-0.12
1362,Negative,"If Powell reiterates that inflation is high and must be brought down sustainably before cuts can occur, the market will likely react negatively. The overall sentiment of holding rates indicates future risks that traders will need to navigate carefully.",75,80,65,-0.1
1363,Negative,"Repeated messages of cautiousness around inflation vs economic growth imply future tightening which generally concerns investors, leading to market declines.",74,79,63,-0.2
1364,Negative,"If Powell's final statements lack clear guidance on rate cuts or display caution regarding inflation management, the market may react negatively, suggesting persistent concerns.",76,81,66,-0.18
1374,Negative,"Despite a stable employment outlook, concerns over lingering inflation risks may have dampened investor sentiment, leading to a negative market reaction. The confirmation of a slow pace of rate cuts signals less aggressive easing, which markets interpret as a reduced appetite for stimulating growth.",85,90,80,-0.0011236192088183
1375,Negative,"The Fed's indication that inflation remains elevated despite strong job gains can lead to investor skepticism about future cuts, causing a sharp decline in market confidence.",85,88,82,-0.0014764841738621
1376,Negative,"The mixed messaging regarding inflation control and the likelihood of maintaining current rates create uncertainty, prompting a downward market movement.",87,89,81,-0.0007102273025746
1377,Negative,"With inflation still above target and unlikely to decrease soon, investor expectations for rate cuts diminish sharply, resulting in a negative market reaction.",88,90,83,-0.0013020080032368
1378,Negative,"Investor focus on potential delays in rate cuts, due to sustained inflation, leads to a risk-averse sentiment that negatively affects market pricing.",86,87,80,-0.0005324161032627
1379,Negative,"The firm stance against any immediate rate cuts, coupled with high inflation readings, heavily weighs on market sentiment, inducing a sell-off.",85,90,84,-0.0011236192088183
1380,Negative,"As the Fed maintains its cautious stance on rate cuts and prioritizes controlling inflation, investors may reevaluate their growth forecasts leading to a bearish market movement.",84,88,79,-0.0004142855642134
1381,Negative,The underlying concern of inflation not responding to current rate policies leads to a sell-off as market participants adopt a cautious approach.,87,89,82,-0.0005327572738089
1382,Negative,"Ongoing inflation concerns and a lack of clarity on future rates contribute to a cautious market outlook, resulting in negative sentiment.",85,90,82,0.0006116807555552
1383,Negative,"High inflation readings and minimal progress toward rate cuts foster investor uncertainty, driving the market lower in reaction to the Fed's statements.",88,90,81,-0.0011236192088183
1384,Negative,"Persistent inflation rhetoric leads to significant market pessimism, warranting a correction amidst fears of prolonged high rates.",87,88,79,0.0014196114993443
1385,Negative,The overall tone regarding inflation management and lack of clear easing signals leads to negative market conditions reflected in selling pressure.,85,90,80,-0.0005324161032627
1386,Negative,A hawkish stance from the Fed amid rising inflation expectations triggers market hesitance prompting declines.,84,88,78,-0.0007102273025746
1387,Negative,"The mixed signals from the Fed regarding growth and inflation will likely shake investor confidence, leading to market sell-offs.",84,89,81,0.0014196114993443
1388,Negative,"Assurances of maintaining current rates with high inflation will erode market performance, causing declines.",85,90,80,-0.0005327572738089
1389,Positive,"The Fed's decision to maintain the federal funds rate at 5-1/4 to 5-1/2 percent, combined with a strong commitment to achieving the 2% inflation target, indicates confidence in economic stability. This aligns with market expectations, leading to a positive reaction.",95,98,92,0.0011
1390,Negative,"The emphasis on persistent inflation being above target and a cautious approach to rate cuts raises uncertainty in the market. The lack of decisive progress toward the inflation target concerns investors, leading to a negative market reaction.",95,98,92,-0.0021
1391,Negative,"Ongoing concerns about sticky inflation and hints at potential future hikes indicate that the Fed's cautious stance may not reassure the market. This uncertainty can lead to decreased investor confidence, hence a negative reaction.",95,98,92,-0.0004
1392,Positive,"The Fed's clear support for its inflation targets and acknowledgment of strong growth signals a stable monetary policy. Investors may interpret this positively, leading to some upward movement in market pricing.",95,98,92,0.0007
1393,Negative,The mention of potential future rate hikes due to inflationary pressures may unsettle markets that were expecting a dovish outlook. This leads to a precautionary selling interest prior to Powell's press conference.,95,98,92,-0.0008
1394,Negative,"With inflation language indicating measured caution, the market could react negatively to the Fed maintaining a higher interest rate environment longer than previously hoped. This leads to concern among investors.",95,98,92,-0.0003
1395,Positive,"The Fed's commentary on strong economic indicators may bring some optimism, indicating stability. This can lead to mild positive reactions as the data shows economic resilience despite the high rates.",95,98,92,0.0002
1396,Negative,"The cautious forward guidance and the need for further evidence of lowering inflation suggest a tight monetary policy, which often leads to a negative reaction within the market as concerns about economic growth linger.",95,98,92,-0.0005
1397,Negative,Investors may react negatively to the Fed's signals of no immediate rate cuts coupled with persistent inflation concerns. The worry over high rates impacting borrowing costs could lead to a more cautious market.,95,98,92,-0.0005
1398,Negative,"Persistent inflation metrics coupled with cautious commentary about the Fed's position may hinder the market's reaction, driving negative sentiment as investors weigh the viability of future rate cuts.",95,98,92,-0.0003
1399,Negative,The market is reacting cautiously to indications that rate cuts may be delayed due to persistent inflation. This can lead to a negative reaction as it signals potential economic challenges ahead.,95,98,92,-0.0005
1404,Negative,"The market reacted negatively as the FOMC maintained the target range for the federal funds rate, which was expected. However, the lack of additional cuts signaled to investors that the Fed was cautious about easing monetary policy, causing a slight decline in confidence, reflected in the negative price movement.",82,85,80,-0.0005
1405,Negative,"Similar to the previous reaction, the maintained rates combined with the market being priced for fewer rate cuts led to negative sentiment. The projections suggested stagnant monetary policy which negatively impacted market confidence.",83,86,81,-0.00088
1406,Negative,"The negative market reaction stemmed from the Fed's commitment to the current rate levels amid still high inflation. While there was some easing in inflation, the cautious approach taken by the Fed stifled market enthusiasm.",81,82,84,-0.00053
1407,Negative,The continued focus on inflation pressures and the Fed's decision to maintain the status quo led to a negative market reaction. The outlook for fewer interest rate cuts than expected further diminished market expectations.,80,83,78,-0.00039
1408,Negative,"As expected, the Fed's decision to hold rates steady without signaling rate cuts caused the market to react negatively. This decision indicated a cautious outlook which may not support immediate market growth.",84,85,79,-0.00088
1409,Negative,"The absence of any aggressive easing measures led to disappointment among market participants, contributing to a negative market response. Market participants were expecting a clearer path towards cuts which was not provided.",82,84,77,-0.00137
1410,Negative,"Investors anticipated at least some positive signals regarding rate cuts, but the Fed's cautious stance resulted in a lack of confidence and subsequent negative market responses.",81,83,78,-0.00053
1411,Negative,"The market's reaction remained negative as prevailing inflation pressures were not sufficiently addressed by the Fed's current strategy, leading to a collective market hesitation.",80,82,75,-0.00039
1412,Negative,"The Fed's non-committal stance on future rate cuts despite some easing inflation disappointed investors, signaling a potential stagnation in market growth.",82,84,76,-0.00053
1413,Negative,"With no significant announcements or clarity on rate cuts, market sentiment was muted and negatively impacted as investors anticipated clearer guidance.",81,83,78,-0.0
1414,Negative,"The market reacted negatively as a result of the Fed's consistent high rate stance, causing uncertainty and lack of confidence in the economic recovery narrative.",80,82,76,-0.00033
1415,Negative,"The market sentiment soured due to the Fed not providing aggressive easing measures as anticipated by investors, leading to concerns about slow growth prospects.",81,83,75,-0.00053
1416,Negative,Market concerns regarding inflation persistence and the lack of significant easing by the Fed fueled a negative reaction due to uncertainty in monetary policy direction.,82,80,74,-0.00032
1417,Negative,"The Fed's cautious approach amidst unchanged rates contributed to negativity, reflecting market disappointments about future easing measures.",81,84,76,-0.0
1418,Negative,"With no immediate easing measures introduced and an uncertain inflation outlook, market sentiment took a hit leading to negative reactions.",78,75,73,-0.00028
1419,Negative,"The Fed statements indicated a mixed but cautious outlook on inflation and employment, leaning towards maintaining high rates, which generally leads to negative market sentiment. The market did not react favorably as expectations for interest rate cuts were pushed further into the future.",85,80,83,-5.22286705623e-05
1420,Negative,The combination of previously high inflation and reiteration of low interest rates led to a negative market response as investors were anticipating more aggressive rate cuts which were not forthcoming.,88,82,81,-0.0009690724124804
1421,Negative,"The cautious stance regarding inflation not being sufficiently reduced entailed lower expectations for market growth, negatively impacting investor sentiment as they anticipated tighter monetary policy.",87,81,82,-0.0010289131186108
1422,Negative,"Concerns remained over stagnant inflation progress, leading to a negative reaction in the markets as investors are wary of enduring high rates without imminent cuts.",86,83,85,-0.0002723245801259
1423,Negative,"Market participants were not convinced by the Fed's statements as inflation projections remained above target, resulting in continued negative sentiment due to uncertainty.",84,82,80,-0.0001104965585936
1424,Negative,"The announcement maintained a cautious approach to interest rates, increasing market apprehension regarding future monetary policy, which contributed to the negative reaction.",81,80,82,-0.0004793422030018
1425,Negative,"The lack of major changes in interest rate policy contributed to a negative market vibe, as it reinforced the notion that investors should brace for high rates longer than expected.",85,82,83,-0.0007370052469649
1426,Negative,"Investors reacted negatively to the Fed's prediction of future inflation, viewing it as a lack of urgency towards rate cuts, leading to market pessimism.",83,84,82,-0.0001705793549101
1427,Negative,"Cautious Fed commentary on inflation caused concern among investors, leading to a negative sentiment reflected in market reactions.",88,85,84,-0.0002120514978194
1428,Negative,With inflation outcomes continually exceeding expectations the negative market sentiment persisted due to skepticism about eventual rate decreases.,87,84,86,-0.0006942337294237
1429,Negative,"Despite some signs of easing inflation, long-term concerns kept investor sentiment negative ahead of the Fed's decision.",86,82,85,-0.0013769480969565
1430,Negative,"Skepticism regarding the Fed's commitment to long-term inflation targets reinforced concerns, creating a negative market response.",85,80,82,-0.0003504293867138
1431,Negative,Market reactions were sharply negative due to the Fed's reiterative stance and the absence of any firm commitments regarding rate changes.,84,81,84,-0.0001104965585936
1432,Negative,"The Fed's mixed messaging around inflation further distorted sentiments, resulting in a negative market reaction as investors anticipated more decisive actions.",81,80,82,-0.0004793422030018
1433,Negative,"Ongoing fears surrounding the Fed's inflation measures shifted market expectations downwards, resulting in a negative market response.",85,82,84,-0.0007370052469649
1434,Positive,"The initial statement indicates solid economic activity and low unemployment, which is encouraging for market sentiment. Additionally, the firm stance on maintaining interest rates signals stability. | Discussion on persistent inflation risks and a lack of progress towards the 2% target could raise concerns about future rate hikes, leading to a market downturn.",92 87,89 88,85 84,0.0368 -0.0276
1435,Positive,"Similar to the previous record, initial signs of economic stability and low unemployment are seen as favorable, fostering a positive market environment. | Concerns about sticky inflation and the Fed's cautious approach to potentially cutting rates create uncertainty, impacting market confidence negatively.",89 82,87 85,86 84,0.0368 -0.0276
1436,Positive,The general outlook presented suggests economic recovery which tends to boost investor confidence.,90,89,87,0.0368
1437,Positive,"Economic indications are favorable, suggesting positive market reactions initially. | As inflation remains high, there is growing concern about future monetary policies, leading to a market pullback.",91 85,88 83,85 82,0.0368 -0.017
1438,Positive,"Initial indicators project growth and employment strength, prompting a positive market response. | After projections indicate mixed results, investor sentiment could shift back towards caution.",90 84,88 81,87 83,0.0368 -0.0175
1441,Positive,The Fed's highlights on robust job gains uplift sentiment despite persistent inflation issues.,85,84,82,0.0368
1449,Negative,"The Fed's decision to maintain the federal funds rate at a high without signaling any immediate cuts indicates caution, potentially unsettling investors looking for more aggressive easing. The context of ongoing elevated inflation may reinforce fears about impending rate hikes.",70,65,60,-0.000386
1450,Negative,"Similar to the previous record, the Fed's position of maintaining rates amid political pressure signifies a lack of a proactive approach to easing monetary policy, which could lead to further uncertainty in the market.",70,65,60,-0.00046
1451,Negative,"The indication that the Fed is maintaining a cautious stance with no immediate rate cuts amidst ongoing inflation concerns builds apprehension among investors, reflecting a bearish sentiment.",72,66,61,-0.000386
1452,Negative,"Maintaining the high interest rate without hints of easing suggests to investors that inflation remains a priority and could lead to tightening, negatively impacting market sentiment.",75,68,62,-0.000459
1453,Negative,"The statement outlines a cautious approach with little expected change in rates, suggesting limited economic stimulus which may dampen market enthusiasm.",73,70,65,-0.001071
1454,Negative,"The Fed acknowledges ongoing inflation concerns while maintaining a high rate, which could alarm investors about the potential for a sustained tight monetary policy.",70,67,64,-0.000435
1455,Negative,"The Fed's hesitance to adjust rates amidst rising inflation expectations suggests to investors a restrictive monetary approach, impacting market confidence negatively.",72,68,65,-0.001107
1456,Negative,"Similar to previous statements, the ongoing high interest rates without immediate cuts create concern among market participants regarding economic growth.",74,69,61,-0.00098
1457,Negative,"A clear indication of enduring inflation concerns coupled with high interest rates signals potential economic strife, leading to negative market sentiment.",73,67,64,-0.00027
1458,Negative,"Maintaining a high interest rate in light of growing inflation and economic pressures raises alarms over sustained economic growth, leading to a negative market response.",75,70,66,-0.000106
1459,Negative,The Fed suggesting ongoing inflation concerns coupled with steady high rates indicates a tight monetary policy that investors react negatively to.,76,71,68,-0.000108
1460,Negative,"Acknowledgement of continued high rates without cuts amidst inflation concerns indicates cautious fiscal policy, impacting market confidence negatively.",78,73,70,-8e-05
1461,Negative,"Continued focus on high inflation and interest rates indicates a tight monetary stance, leading to investor skepticism and negative market reactions.",80,75,73,-0.00025
1462,Negative,Acknowledging moderate job growth and sustained high interest rates suggests to investors a continued restrictive approach to monetary policy.,81,76,74,-0.00019
1463,Negative,"The Fed's focus on inflation control amid persistent high rates suggests a cautious fiscal policy likely to stifle potential growth, negatively impacting the market.",83,78,76,-0.00027
1464,Negative,"The shift in focus from combating inflation to balancing employment and inflation has created uncertainty among investors regarding future rate cuts, leading to a drop in market confidence.",85,90,88,-0.76
1465,Negative,"Despite reassurances about progress on inflation, fears over employment concerns continue to weigh down investor sentiment, hence the muted response.",82,88,85,-0.04
1466,Negative,"While acknowledging progress on inflation, persistent unemployment concerns and the potential for rate cuts have kept optimism in check, reflecting in a slight downward movement.",81,87,84,-0.06
1467,Negative,"The delicate balance between controlling inflation and managing a faltering job market created a cautious atmosphere among investors, culminating in a negative market reaction.",79,86,81,-0.33
1468,Negative,"While acknowledging inflation progress, the focus on a potentially slowing job market raised fears about economic stability, influencing a bearish sentiment.",77,84,78,-0.06
1469,Negative,"Concerns over rising unemployment alongside inflation progress led to an increased caution among market participants, resulting in a decrease in prices.",76,83,79,-0.02
1470,Negative,"The Fed's emphasis on balancing inflation and employment risks increased uncertainty among investors, leading to a slight downturn in market indices.",75,82,80,0.06
1471,Negative,"The acknowledgment of cooling inflation but rising unemployment prompted concerns over the Fed's approach, contributing to a negative market trend.",74,81,77,0.12
1472,Negative,"A delicate balance between addressing inflation and the uncertain job market caused skepticism among investors, reflecting in a downward market response.",73,80,75,0.06
1473,Negative,"Investors are worried about the Fed’s precarious position regarding inflation and employment, leading to hesitancy and a negative impact on the markets.",72,79,74,0.12
1474,Negative,"Persistent concerns over a slowing job market alongside inflation movements resulted in negative outlooks in the market, hence the drop.",71,78,73,-0.99
1475,Negative,"Uncertainties about the labor market and the Fed's strategy in managing inflation prompted negative investor sentiment, reflected in the market downturn.",70,77,72,-0.86
1476,Negative,"Concerns over risks surrounding the job market and inflation control heightened uncertainty, resulting in a negative market reaction post-statement.",69,76,72,-0.12
1477,Negative,"Increasing attention on job market risks and inflation challenges led to a cautious sentiment among investors, driving prices lower following the announcement.",68,75,71,-0.26
1478,Negative,"The Fed’s caution around inflation management and job market risks created a negative investor sentiment, indicated by a downturn in market prices.",67,74,70,-0.99
1479,Negative,The market reacted negatively due to the cautious language regarding inflation and potential rate adjustments. The emphasis on needing further confidence before reducing rates generated uncertainty among investors.,78,82,75,-0.0003349814940874
1480,Negative,"The Fed's stance to maintain a high interest rate while hinting at future cuts creates a disconnect, leading to a negative market sentiment as traders adjust their expectations.",76,80,72,-0.0004791920883603
1481,Negative,"With the Fed signaling progress towards cutting rates, traders were hesitant, fearing that an early cut could indicate economic weakness, hence a negative reaction.",82,85,78,-0.0004791920883603
1482,Negative,"The acknowledgment of job gains moderating contributed to market concerns about the economic recovery, leading to a decline in optimism and a negative market reaction.",77,79,73,-0.000153690295259
1483,Negative,"Investors reacted negatively to the mixed signals about the economy and slow job gains, indicating fears of a stalling recovery.",74,78,70,-0.0005783503689026
1484,Negative,The cautious tone expressed regarding the economic outlook and inflation drove a negative sentiment among investors who anticipated a more aggressive monetary policy shift.,80,83,76,-0.0006688025784001
1485,Negative,"While the Fed hinted at a potential cut, the cautious nature of the comments led to fears regarding future economic conditions, resulting in a negative market reaction.",79,82,74,-0.0004339718725626
1486,Negative,"The acknowledgment of mixed labor market signals and the tendency for inflation to still be high caused uncertainty, influencing the market to react negatively.",81,84,77,-0.0011042313690442
1487,Negative,"Initial expectations of a rate cut led to an exaggerated negative reaction due to fears over economic stability, which caused traders to doubt the stability of the recovery.",78,80,72,0.0017358683202802
1488,Negative,"While some progress on inflation was noted, the cautious outlook prompted investors to maintain a predominantly negative stance on the markets.",76,79,71,9.94585428561e-05
1489,Negative,"Concerns arose from political pressures and the Fed's response to inflation, leading to a negative outlook among traders and investors.",73,75,70,-0.0001719982610444
1490,Negative,"Despite the Fed maintaining rates, the sentiment was dampened by fears about potential economic weakness tied to upcoming rate cuts.",77,80,73,0.0012036035184127
1491,Negative,"The hint at an imminent cut came with caution from the Fed, generating skepticism and fear of economic instability which hurt market reactions.",72,76,70,0.0017358683202802
1492,Negative,"Indecision regarding future policy changes caused market hesitations, leading to a negative response in pricing.",79,84,77,9.94585428561e-05
1493,Negative,"While progress was noted, the cautious outlook led traders to perceive the market as unstable, resulting in a negative reaction.",78,82,75,-0.0003349814940874
1494,Positive,"The Fed's indication of progress towards the inflation target and the likelihood of future rate cuts reflects a supportive stance for both the economy and the markets, leading to a positive reaction.",90,85,80,0.5
1495,Positive,"The Fed conveyed confidence in lowering rates, which is generally viewed favorably by the market, particularly as inflation eases. This fosters investor confidence, leading to a positive reaction. | As the press conference progressed, some remarks indicated a cautious approach toward rate cuts, fostering uncertainty which influenced a slight negative reaction.",88 88,83 83,82 82,0.6 -0.2
1496,Positive,"Expressions of 'greater confidence' in inflation returning to target levels signify a more optimistic outlook from the Fed, thus a favorable market reaction. | Amidst positive initial reactions, subsequent cautious statements about the job market led to a reevaluation by investors, causing a drop.",87 87,84 84,81 81,0.7 -0.3
1497,Positive,"The mention of significant progress on inflation and potential cuts heightened market optimism, resulting in a significant uptick.",85,81,79,0.8
1498,Positive,The clarity surrounding future rate cuts boosted market sentiment positively as investors reacted to the Fed’s reaffirmed commitment to the inflation target.,90,86,84,0.5
1499,Positive,"Indications of progress towards the inflation goal and potential rate cuts led to a moderately positive market response. | Investor reactions turned cautious due to uncertainties expressed regarding the job market, leading to a negative adjustment in market sentiment.",89 89,85 85,87 87,0.3 -0.2
1500,Positive,The Fed's optimism about inflation returning to target combined with expectations for possible rate cuts spurred a positive market reaction.,91,90,88,0.6
1501,Positive,"The Fed’s positive tone on inflation and hints at potential cuts provided a favorable market sentiment initially. | As assurances were replaced by cautious tones related to the job market, it evoked slight negative reactions in the market.",88 88,86 86,82 82,0.4 -0.1
1502,Positive,The Fed's commitment to address inflation issues while maintaining job stability resonated positively in the financial markets.,87,84,83,0.5
1503,Positive,"Their cautious optimism regarding employment and inflation built favorable market sentiment upon the announcement. | Comments stressing the need for ongoing assessment of the job market made investors wary, leading to a slight negative adjustment.",89 89,86 86,84 84,0.7 -0.2
1504,Positive,The Fed's emphasis on inflation control and job market balance enabled a positive market response.,88,84,82,0.3
1505,Positive,"The Fed's clarity regarding future cuts in response to inflation and economic conditions brought optimism. | As the market digested cautious comments on job market vulnerabilities, concern grew, leading to a small downturn.",90 90,87 87,85 85,0.6 -0.2
1506,Positive,The Fed's decision to hint at rate cuts while acknowledging inflation and employment dynamics sparked a surge of positivity in the markets.,91,88,86,0.5
1509,Positive,"The Fed's decision to cut rates by 50 basis points and its acknowledgment of inflation moving towards the target boosted market sentiment as it signals confidence in the recovery. | However, during the press conference, Powell's caution regarding the pace of future cuts and emphasis on economic uncertainties caused a pullback in market optimism.",85 84,80 82,78 75,0.98 -0.25
1510,Positive,"Initial market reaction was positive due to the unexpected size of the cut, indicating aggressive action to curb inflation.",83,79,77,0.7
1511,Positive,"The announcement of the rate cut sent a strong signal of confidence, fostering a positive market vibe. | Statements about ongoing risks and uncertainty from Powell led to anxiety among investors, reversing gains.",86 84,78 80,76 74,0.95 -0.5
1512,Positive,"The Fed’s bold move to cut rates was a surprise, leading to initial market rally. | During the press conference, concerns about the labor market and insufficient job gains dampened enthusiasm.",85 82,82 77,78 72,1.1 -0.2
1513,Positive,"Market reacted positively to the half-point cut, indicating confidence in the Fed's strategy.",87,81,78,0.85
1514,Positive,"The cut aligned with market expectations, leading to a surge in stocks as investors anticipated easing conditions. | Statements regarding potential future job losses created concern, leading to a retreat in stock prices.",85 80,79 77,76 73,1.05 -0.3
1515,Positive,"The rate cut indicated confidence from the Fed in managing inflation and growth, creating a bullish market atmosphere. | Powell emphasized the importance of addressing both inflation and the labor market, adding uncertainty to investor sentiment.",84 82,78 75,76 70,0.92 -0.15
1516,Positive,"Initial market response was boosted significantly after the rate decision, as investors welcomed the Fed's proactive stance. | Acknowledgment of labor market weakening and economic risks led to a wary market reaction, dampening earlier gains.",86 83,79 72,80 71,1.0 -0.4
1517,Positive,"The surprise cut by the Fed improved market confidence that inflation control measures were being prioritized. | During the press conference, comments about the uncertain economic outlook tempered initial excitement.",85 84,80 76,75 73,0.88 -0.2
1518,Positive,"The announcement of a rate cut generated enthusiasm, particularly amid ongoing inflation concerns and a cooling job market.",89,82,78,1.01
1519,Positive,"The interest rate cut demonstrated the Fed's proactive approach towards inflation and was initially well-received by markets. | When Powell referred to balancing risks in the labor market, it raised concerns that may overshadow the positives from the cut.",85 82,80 71,77 74,0.9 -0.3
1520,Positive,The Fed's aggressive rate cut led to a surge of optimism as it indicated strong support for the economy.,88,81,79,0.99
1524,Negative,"Although the Fed is confident about inflation aligning with its target, the focus on potential rate cuts signals caution in the market. The historical context of rate cuts leading to volatility alongside today's slower job gains raised concerns about immediate economic impacts. | Chair Powell's press conference reaffirmed caution regarding economic conditions despite cutting rates, which potentially unsettles the market, leading to negative reactions. The elevated concern over labor market conditions persisted.",75 75,80 80,70 70,-0.0006714136791701 -0.0006714136791701
1525,Positive,"Initial relief from the rate cut, alongside a reassured labor market, encourages a temporary positive market reaction as traders digest the implications of rate cuts easing financial burdens. | Investors react favorably to Powell's reassurances about the health of the economy, expecting the rate cuts to support ongoing growth despite some labor market concerns.",80 80,85 85,75 75,0.0011135150130819 0.0011135150130819
1526,Negative,"While acknowledging progress, the Fed’s reduced emphasis on inflation and focus on job market weaknesses bring cautious optimism that triggers a slight market pullback. | Chair Powell’s cautious tone during the press conference underscores ongoing inflation risks, leading to a negative market sentiment amidst uncertainties.",78 78,77 77,76 76,-0.0005519926299477 -0.0005519926299477
1527,Positive,"Market reacts positively to the Fed's rate cuts, which aligns with expectations for easing economic conditions. The change suggests stronger consumer spending potential. | Despite the initial positive reaction, Powell's caution regarding the job market and uncertainty over economic conditions dampens spirits and leads to negative sentiment.",80 80,82 82,74 74,0.0011135150130819 -0.0004418475655493
1528,Negative,"Initial rate cut turndown, caution over inflation and jobs market stability sees backlash from traders wary of economic recovery mirroring past trends. | Powell's remarks spotlight concerns about the economy’s trajectory paired with job market vulnerabilities, prompting persistent seller behavior.",85 85,83 83,78 78,-0.001791862124249 -0.001791862124249
1529,Positive,The Fed’s proactive approach to rate cuts and inflation confidence emits excitement in the marketplace ahead of key performance indicators. | The market reversal perhaps indicates hesitation as Powell’s statements reflect concerns in the economic outlook amid ongoing expenses.,82 82,80 80,75 75,0.0005840784797406 -0.0004983136707422
1530,Negative,"Despite the rate cuts, the persistent concern regarding inflation and market stability creates caution causing an overall negative sentiment. | The cautious tone from Powell during the Q&A highlights market tensions, leading to selling pressures despite positive initial sentiment.",80 80,82 82,73 73,-0.0001946353380976 -0.0001946353380976
1531,Positive,"Traders react positively to the first significant rate cut since recent years, anticipating enhanced economic conditions. | The cautious sentiment from Powell regarding rising unemployment raises concerns, leading to a shift in market sentiment.",79 79,84 84,80 80,0.0007473287461867 -0.0004418475655493
1532,Negative,"The mixed signals around unemployment and the Fed’s cautious optimism create a negative view among investors, prompting sell-offs. | There’s a backlash against what’s perceived as lukewarm assurances from Powell on job market recovery amid inflation concerns.",82 82,81 81,75 75,-0.0005519926299477 -0.0005519926299477
1533,Positive,"The market is buoyed by the Fed’s proactive measures and Powell’s confidence in recovery leading to positive movements in risk assets. | Investors respond to Powell's emphasis on caution and potential risks to the labor market with sell signals, thus reversing initial optimism.",81 81,80 80,77 77,0.0007473287461867 -0.0011548969382432
1534,Negative,"While the rate cut suggests some relief, ongoing discussions about inflation and potential job market declines lead to a generally negative market perception. | The cautious perspective portrayed by Powell in the updates serves to amplify existing market concerns, stifling any bullish sentiments.",80 80,85 85,74 74,-0.0011548969382432 -0.0011548969382432
1539,Negative,"The initial market reaction was positive due to the anticipated cut in interest rates. However, after Fed Chair Powell's remarks about the need for careful assessment of data, the market reversed as it interpreted a cautious tone indicating ongoing risks.",85,82,80,-0.0003024319308528
1540,Positive,"Anticipation of a rate cut led to a positive initial response. After Powell's statement highlighting confidence in reaching inflation targets, markets reacted favorably, fueling optimism about economic stability.",90,87,85,3.857086792582999e-05
1541,Negative,"Despite the cut, concerns about rising unemployment and inflation pressures pulled the market downward. The market reacted negatively to the perceived risks associated with the labor market.",75,70,72,-0.0007632939750688
1542,Negative,"The announcement initially created positive sentiment, but subsequent comments about future cuts being uncertain diffused optimism, leading to a slight market downturn.",77,75,73,-0.000143762534171
1543,Negative,Initial reaction was positive but confusion over the Fed's future actions and concerns about political pressure led to a significant sell-off as investors sensed contradictions.,80,78,76,-0.0036362413539705
1544,Negative,"Despite reducing rates, fears regarding the Fed's accountability and economic trends shifting towards uncertainty led to a loss of market confidence.",82,80,78,-0.0011868888935666
1545,Negative,"The potential implications of the rate cut in regard to the upcoming election caused market vigilance, contributing to negative sentiment despite rate cuts.",85,82,80,-0.0003865927194575
1550,Negative,"The market reacted negatively as Powell's remarks hinted at uncertainties regarding the labor market just as they cut rates, leading to skepticism.",88,85,83,-0.0036362413539705
1551,Negative,"Concerns about the Fed's justification for rate cuts due to a mixed economic outlook caused market jitters, leading to a downward trend.",84,81,79,-0.0003865927194575
1552,Positive,"The initial data supporting rate cuts created a brief surge in market optimism, as investors jumped on the prospect of sustained economic stability.",90,88,86,3.857086792582999e-05
1553,Negative,"The uncertainty surrounding the Fed's path forward combined with troubling employment data sparked worries, resulting in a negative market movement.",78,76,75,-0.0002693231538237
1554,Negative,"The announcement of the rate cut and the accompanying commentary about potential inflationary pressures from Trump's policies signal to investors increased uncertainty around the Fed's future actions, which may lead to a downward adjustment in market expectations.",80,75,70,-0.0303
1555,Negative,"Despite a rate cut signaling easing monetary policy, investor concerns about Trump's potentially inflationary policies lead to a negative market sentiment about the longer-term stability of the economy.",77,72,68,-0.0143
1556,Negative,"The anticipated rate cut is overshadowed by worries regarding upcoming fiscal policies under Trump, which could complicate inflation management, leading to market caution and resultant negative movements.",79,74,67,-0.0157
1557,Negative,"While the rate cut is expected, uncertainties surrounding Trump's administration complicate projections for inflation and interest rates, prompting a negative market reaction.",76,73,69,-0.014
1558,Negative,"The uncertainty regarding fiscal policies after the election raises concerns about inflation, causing the market to react negatively despite the cut in rates.",78,71,70,-0.012
1559,Negative,Concerns regarding Trump's policies stimulating inflation amid a rate-cutting environment prompt investors to adjust their expectations negatively.,80,73,66,-0.0252
1560,Negative,"With expectations for the Fed's rate-cutting cycle murkier post-election, market confidence is shaken, resulting in a decline.",77,70,65,-0.0252
1561,Negative,"Investors are wary of the uncertain impact of Trump’s policies on inflation, leading to a cautious reaction despite an anticipated rate cut.",79,75,68,-0.0141
1562,Negative,The expected rate cut does little to quell investor concerns about fiscal strategies under Trump that could lead to inflationary pressures.,78,73,67,-0.0254
1563,Negative,"With rising inflation fears linked to proposed policies by Trump, the market responds negatively to the Fed's anticipated decisions.",80,74,66,-0.0252
1564,Negative,The uncertainty around Trump’s policies complicates the Fed's outlook and dampens market reaction despite expected cuts.,77,72,69,-0.0219
1565,Negative,Concerns regarding potential inflation from Trump's administration drive market reactions downwards regardless of the Fed's cuts.,76,75,70,-0.0252
1566,Negative,The combination of expected rate cuts and worries over fiscal policies create negative sentiment in the market.,78,74,69,-0.0158
1567,Negative,Market uncertainty regarding Trump's policies contributes to a downtrend as the Fed navigates complex monetary policy adjustments.,77,72,71,-0.0252
1568,Negative,The expected rate cut does little to ease concerns regarding the potential inflation driving uncertainty in the market.,78,70,66,-0.0219
1569,Negative,The overall sentiment regarding the Fed's future interest rate cuts has shifted as the risks to meeting inflation and employment goals are viewed as more balanced. Expectations for fewer cuts have caused market hesitance.,76,84,79,-0.000143346419942
1570,Negative,The expectation of a modest rate cut combined with market skepticism around the Fed's inflation trajectory led to a negative reaction.,75,89,82,-0.0002016378917589
1571,Negative,There has been uncertainty in the market following the impending rate cut and the Fed's relaxed outlook on inflation. Concerns about ongoing inflation may cause below-par market performance.,74,81,76,-0.0003700792394068
1572,Negative,"The Fed's cautious stance on possible future cuts and its commitment to an inflation target appear to create unease in the market, resulting in a negative reaction.",80,85,78,-0.0003701785574139
1573,Negative,"Market participants are concerned with how the Fed manages its rate reductions amidst conflicting economic signals, leading to a negative market reaction.",77,86,83,-0.0003110277185475
1574,Negative,"With uncertainties surrounding economic policies post-election and inflation targets, the market reacted negatively as clarity was sought.",79,82,80,-0.0001679528372115
1575,Negative,Investor concerns about inflation pressures combined with ambiguous policies from the Fed have led to a pessimistic outlook for market performance.,78,82,81,-0.0003701785574139
1576,Negative,"With mixed signals about the state of the economy and potential pressures on the Fed's policies, a negative market reaction was observed.",75,84,77,-0.0001345080368551
1577,Negative,"Indications that labor markets are cooling while inflationary pressures persist created uncertainty, leading to negative market sentiment.",76,83,79,-0.0001512605042298
1578,Negative,Economic uncertainties and the potential for conflicting signals regarding inflation prompted a negative market reaction.,76,82,80,-0.0003553315173891
1579,Negative,Concerns regarding inflation and potential Federal Reserve policy shifts have resulted in diminished market sentiment.,72,80,75,-0.0001345080368551
1580,Negative,Investor caution as they evaluate the likely inflation-targeting moves of the Fed negatively influenced market behavior.,78,86,82,-0.0003633466545037
1581,Negative,Lingering apprehensions about Fed policy effectiveness amid evolving economic policies have drawn negative market response.,80,89,85,-0.0004728511358186
1582,Negative,Ongoing market sensitivities regarding inflation expectations amidst changing economic leadership resulted in negative sentiment.,81,84,83,-0.0003678907154935
1583,Negative,Emerging uncertainties post-election regarding the Fed's policy independence amidst inflation challenges led to negative market feelings.,77,81,79,-0.0003701785574139
1584,Negative,"The market reacts negatively as there are uncertainties related to Trump's policies which are flagged as potentially inflationary. Given this, the Fed's ability to effectively manage monetary policy is questioned, leading to a downward adjustment in stock prices. | The sentiment deepens as Powell addresses the specifics of future rate cuts amid political uncertainty, further impacting investor confidence and leading to a more pronounced market decline.",60 62,70 68,64 65,-0.0003531288429897 -0.0003002198328705
1585,Negative,"The markets react negatively following Trump's win, reflecting concerns over the possible implications of his policies on inflation, which complicate the Fed's monetary strategies. | As Powell discusses the Fed's approach moving forward, uncertainties regarding potential inflation spikes under Trump's policies drive the market deeper into negative territory.",68 65,75 72,70 67,-0.0002060000458417 -0.0010002214987762
1586,Negative,"The market responds negatively as analysts express concerns over the implications of Trump's presidency on inflation, creating uncertainty about the Fed's policy direction. | The comment made by Powell regarding the Fed's independence under Trump further unsettles investors, causing increased selling pressure on stocks.",63 62,69 66,61 64,-0.0004000555269503 -0.0002203452200095
1587,Negative,"The prevailing uncertainty surrounding Trump's possible policies creates a negative market response, as investors react to the potential for higher inflation impacting monetary policy. | The market continues to slide as further details emerge regarding duration and scale of potential rate cuts, leaving investors anxious about inflationary pressures.",59 61,70 69,60 64,-0.0003735004567892 -0.0001523412105344
1588,Negative,"The uncertain outlook regarding Trump's presidency and its impact on inflation are perceivable in the markets, resulting in a conservative and negative response. | As Powell discusses the evolving fiscal landscape under Trump's policies, market anxiety escalates contributing to further declines.",60 62,68 64,62 65,-0.0002013452604944 -0.0001223403423008
1589,Negative,"Concerns regarding potential inflation and market disruption stemming from Trump’s policies lead to investor unease, resulting in a negative market reaction. | The markets remain jittery as Powell is questioned about how the Fed might adapt to the anticipated changes under Trump’s administration, resulting in further negativity.",70 65,67 72,64 68,-0.0002254073645451 -0.00017010247039
1590,Negative,"Uncertainty surrounding Trump's economic strategies leads to a bearish sentiment, as prevailing inflation concerns lead to skepticism regarding the Fed's strategies. | Further clarifications by Powell on policy adjustments stir increased tension in the market, exacerbating the downtrend.",75 72,74 68,70 66,-0.0003983956504156 -0.0001803023104809
1591,Negative,"The negative sentiment is due to apprehensions about Trump's economic proposals and their potential inflationary impact, leading to a sell-off. | Investors continue to express discomfort given Powell's commentary, resulting in compounded negative market movements.",67 65,63 62,65 66,-0.0002625074589086 -0.0002242512311203
1592,Negative,"Market anxiety grows in response to potential inflation scenarios amid Trump’s victory, prompting declines in stock prices. | Continued focus on inflation under Trump's leadership leads to shifts in investor sentiment, intensifying market risks.",64 61,70 68,66 70,-0.000407434917007 -0.0002001203992386
1593,Negative,"The potential inflationary implications of Trump's policies spark market concern resulting in a downturn. | Markets react negatively to Powell's remarks about expected economic adjustments, further heightening investor anxiety.",71 73,71 70,69 65,-0.0004293821712396 -0.000215489340232
1594,Negative,"Investors react primarily to the uncertainty surrounding Trump's policies which could shape inflation, leading to a pronounced market decline. | Powell's comments during the press conference raise further concerns about the Fed's capacity to navigate under a Trump administration leading to heightened market drops.",67 68,73 75,66 71,-0.0004173825912495 -0.0001995000303934
1599,Positive,"The market responded positively as the Fed announced significant rate cuts, indicating a supportive monetary policy which boosts investor confidence and economic growth expectations. | As discussions around persistent inflation concerns emerged, the market reacted negatively, fearing potential rate hikes in response to inflationary pressures.",75 70,80 75,70 68,0.5 -0.3
1600,Positive,"The announcement of a significant rate cut was aligned with market expectations, boosting confidence and causing stock rallies.",78,82,72,0.4
1601,Positive,"The optimism surrounding robust economic growth and rate cuts led to a strong market response during the initial conference remarks. | Tension over potential inflation rates caused a pullback, with investors reassessing risk amidst concerns over future Fed actions.",80 75,85 77,73 66,0.6 -0.2
1602,Positive,"The announcement of rate cuts provided a boost to stocks, reflecting investor confidence in the Fed's supportive stance. | Discussions on inflation diminished appetite for equities, resulting in a market correction as fears about rate hikes surfaced.",76 71,81 76,74 69,0.5 -0.25
1603,Positive,"Market enthusiasm soared in response to optimistic economic growth signals and expected rate cuts. | Concerns about raised inflation prompted a cautious shift among investors, resulting in a slight market downturn.",82 79,84 73,76 75,0.7 -0.15
1604,Positive,"The initial statement indicated significant cuts in interest rates, which drove market enthusiasm. | Investor sentiment shifted to bearish as inflation risks came to the forefront of discussions.",81 68,83 72,70 69,0.6 -0.12
1605,Positive,"The mention of interest rate cuts combined with favorable economic indicators prompted a strong market reaction. | Concerns about sustained inflation shifted market focus to potential hikes, causing a market retreat.",79 74,84 78,76 67,0.6 -0.11
1614,Positive,"The market reacted positively due to strong signals of economic resilience, particularly the mention of rate cuts and growth potential under President Trump, which fueled optimism.",85,82,78,0.0001156148468376
1615,Negative,Market concerns over inflationary pressures led to a negative reaction despite a bullish phase before; traders were cautious about potential rate hikes as inflation remains high.,82,80,75,-0.0002642482451325
1616,Positive,Bullish sentiment was reinforced by optimistic market outlooks driven by expected governmental and Fed actions that promote economic robustness.,87,83,77,0.0003716268019152
1617,Positive,"The market responded positively as the press conference projected strong economic signals amidst a backdrop of anticipated Federal support, propelling equities higher.",85,84,79,0.0007276142896164
1618,Negative,"Concerns regarding inflation and potential impacts on interest rates caused a cautious outlook, leading to a negative reaction despite previous gains.",82,81,76,-0.0002957350035929
1619,Negative,"Similar concerns over inflationary impacts led to market caution, resulting in a net negative reaction overshadowing positive prior sentiment.",80,85,78,0.0002957350035929
1620,Positive,"The announcement of favorable economic conditions buoyed optimism enough to counteract inflation fears, resulting in slight positive momentum.",84,82,75,0.0002131657114753
1621,Negative,Investors adjusted their expectations negatively based on inflation concerns overshadowing the initially positive economic outlook presented.,81,80,77,-0.000264032433657
1622,Positive,"Market reaction was positive due to optimism driven by anticipated US economic growth stemming from Trump’s policies, despite inflation fears.",86,82,78,0.0003716268019152
1623,Negative,"Despite previous positive sentiment, the market reacted negatively as inflation concerns overshadowed economic growth perspectives.",80,75,70,-0.001234317062269
1624,Positive,"A bullish outlook prevailing in Wall Street investors boosted positive sentiment, leading to a significant uptick following favorable projections.",89,87,81,0.0028076658454588
1625,Positive,"In anticipation of critical policy changes under the new administration and favorable economic indicators, the market responded positively, generating momentum.",85,84,82,0.0007276142896164
1626,Negative,"The concern surrounding potential inflation led to a cautious approach among traders, worsening market reactions from prior moments of optimism.",78,80,76,0.0006952968125758
1627,Positive,"Despite inflationary concerns, the overall economic sentiment and bullish tendencies propelled a strong market reaction positively.",89,85,80,0.0028076658454588
1628,Positive,Rapidly increasing stock market valuations driven by optimism and technology stocks pushed positive sentiment through potentials for future growth.,87,84,79,0.0003716268019152
1629,Positive,Market optimism is driven by anticipated economic growth linked to interest rate cuts and technological advancements. The mention of Trump and potential political changes add confidence to the outlook.,85,80,78,0.66
1630,Positive,"Similar positive sentiments as Id 1629, with added enthusiasm around expected rate cuts and the technology sector showing strength, enhancing market stability and growth projections.",85,80,79,0.29
1631,Positive,"Investor confidence rises with assurances of lower rates, sustaining the bullish trend; inflation risks remain but are mitigated by anticipated political stability under Trump’s policies.",86,81,77,0.19
1632,Positive,"Strengthening dollar outlook and economic resilience contribute to market positivity, especially as inflationary fears are addressed slightly. The background of Trump’s administration adds a layer of certainty for investors.",84,79,76,0.23
1633,Positive,"Gains in tech and energy sectors strongly correlate with optimism around rate cuts, bolstered by high market participation and spending; Trump's policies projected to stimulate continued growth.",85,79,75,0.67
1640,Positive,"Surge in small-cap and crypto stocks along with encouraged market sentiment during the session reflects rally sustainability, interconnected with political changes under the incoming administration.",82,76,74,1.12
1641,Positive,"The bullish trend in the market is reinforced by interest rate cuts and ending the year strongly; past political volatility appears resolved, prompting investor confidence.",85,79,76,0.67
1634,Positive,"Investors are energized by expectations for continued rate cuts, alongside anticipated growth in market sectors, reminiscent of past bullish trends linked to favorable Fed policies.",83,78,75,0.19
1642,Positive,Market reaction stimulated by tech sector growth forecasts and assurances from Fed guidance indicating measured rate adjustments while managing inflation expectations under a new political framework.,84,79,78,0.18
1635,Positive,Enticement from expected economic policies under Trump supports bullish equities despite underlying inflation concerns; forward guidance optimistic concerning growth and market health.,82,75,76,0.29
1636,Positive,Market enthusiasm influenced by overarching expectations for rate cuts and associated economic health; political dynamics with Trump reaffirm investor bullishness.,85,78,77,0.12
1644,Negative,"The market responded negatively due to growing inflationary pressures and anticipated stricter monetary policy from the Fed under a new presidential administration, which caused uncertainty about the future economic climate.",75,80,73,-0.0921503824372
1645,Negative,A focus on potential inflationary issues leading to uncertainty and a negative impact on investor confidence resulted in a slightly reduced market reaction.,75,80,73,-0.0003244972884241
1646,Negative,"Concerns over inflation and comments on interest rate policies from the Fed led to a strong negative sentiment in the market, resulting in significant volatility.",75,80,73,-0.0006319541273163
